{
  "uuid": "515b2e59-29f2-455d-b170-7aca8ae979cc",
  "form": "Adult HIV Return Visit Form",
  "description": "French Translations for 'Ampath POC adult return visit form'",
  "language": "fr",
  "translations": {
    "1": "1",
    "2": "2",
    "3": "3",
    "4": "4",
    "Encounter Details": "Détails de la rencontre",
    "Visit date:": "Date de la visite:",
    "Provider:": "Fournisseur:",
    "Facility name (site/satellite clinic required):": "Nom de l’établissement (site/clinique satellite requis):",
    "Pre-Clinic Review": "Examen préclinique",
    "Pre-clinic Review": "Examen préclinique",
    "Was this visit scheduled?": "Cette visite était-elle programmée ?",
    "Scheduled visit": "Visite programmée",
    "Unscheduled visit early": "Visite imprévue en avance",
    "Unscheduled visit late": "Visite imprévue en retard",
    "If unscheduled, actual scheduled date": "Si non planifié, date prévue réelle",
    "Patient covered by NHIF:": "Patient couvert par le NHIF:",
    "Yes": "Oui",
    "No": "Non",
    "What is the patient's NHIF status?": "Quel est le statut NHIF du patient ?",
    "Indicate if the patient has been remitting monthly contributions towards the NHIF medical cover.": "Indiquez si le patient verse des cotisations mensuelles pour la couverture médicale du NHIF.",
    "Active": "Actif",
    "Inactive": "Inactif",
    "What other insurance do you have?": "Quelle autre assurance avez-vous ?",
    "Indicate if the patient has another medical cover.": "Indiquez si le patient bénéficie d’une autre couverture médicale.",
    "None": "Aucun",
    "Employer based health insurance": "Assurance maladie basée sur l'employeur",
    "Individual private health insurance": "Assurance maladie privée individuelle",
    "Linda mama services": "Services de maman Linda",
    "Zuri health insurance": "Assurance maladie de Zouri",
    "Other": "Autre",
    "Clinical History": "Histoire clinique",
    "Social History": "Histoire sociale",
    "Civil status:": "Etat civil :",
    "Cohabitating": "Cohabitation",
    "Divorced": "Divorcé",
    "Married monogamous": "Marié monogame",
    "Married polygamous": "Marié polygame",
    "Separated": "Séparé",
    "Single": "Célibataire",
    "Widowed": "Veuf",
    "Discordant couple:": "Couple discordant :",
    "Unknown": "Inconnu",
    "N/A": "N / A",
    "Partner Notification Service": "Service de notification des partenaires",
    "Partner notification": "Notification du partenaire",
    "Sexual partner tested?": "Partenaire sexuel testé ?",
    "Do you have a new sexual partner?": "Avez-vous un nouveau partenaire sexuel ?",
    "Name of new sexual partner:": "Nom du nouveau partenaire sexuel:",
    "Prevention With Positives": "Prévention avec des positifs",
    "Prevention with positives: At risk population:": "Prévention avec positifs : Population à risque :",
    "Client of sex worker": "Client d'une travailleuse du sexe",
    "Commercial sex worker": "Travailleuse du sexe",
    "Discordant couple": "Couple discordant",
    "IV drug use": "Consommation de drogues IV",
    "MSM": "HSH",
    "Prevention with positives: PWP services:": "Prévention avec des positifs: services PWP:",
    "Condom promotion/provision": "Promotion/fourniture de préservatifs",
    "Couple counseling": "Conseils de couple",
    "Needle exchange": "Échange d'aiguilles",
    "Targeted risk reduction": "Réduction ciblée des risques",
    "Hospitalization History": "Antécédents d'hospitalisation",
    "Recent hospitalizations": "Hospitalisations récentes",
    "Was the patient hospitalized since last visit?": "Le patient a-t-il été hospitalisé depuis la dernière visite?",
    "If yes reason for hospitalization:": "Si oui, motif de l'hospitalisation :",
    "Reason for hospitalization:": "Raison de l'hospitalisation :",
    "Reproductive History": "Histoire de la reproduction",
    "How many pregnancies have you had?": "Combien de grossesses avez-vous eu?",
    "How many pregnancies have you delivered (more than 24 weeks)?": "Combien de grossesses avez-vous accouchées (plus de 24 semaines)?",
    "Reproductive age status:": "Statut d'âge reproductif:",
    "Menstruating": "Menstruation",
    "Postmenopausal": "Postménopause",
    "Amenorrhea": "Aménorrhée",
    "LMP:": "LMP:",
    "Is the patient pregnant?": "La patiente est-elle enceinte ?",
    "EDD:": "EDD:",
    "Reason patient not pregnant?": "Raison pour laquelle la patiente n'est pas enceinte?",
    "Pregnancy not suspected": "Grossesse non suspectée",
    "Pregnancy test is negative": "Le test de grossesse est négatif",
    "Using hormonal contraceptive": "Utiliser un contraceptif hormonal",
    "postpartum < 6 weeks": "post-partum < 6 semaines",
    "Actual date of delivery:": "Date réelle de livraison :",
    "Gestation in weeks:": "Gestation en semaines:",
    "Pregnancy outcome:": "Résultat de la grossesse:",
    "Abortion/Miscarriage/Terminated": "Avortement/fausse couche/interruption de grossesse",
    "Live birth (Preterm)": "Naissance vivante (prématuré)",
    "Live birth (Term)": "Naissance vivante (à terme)",
    "Family Planning Profile": "Profil de planification familiale",
    "Is the client using condoms?": "Le client utilise-t-il des préservatifs ?",
    "Family planning, detailed": "Planification familiale, détaillée",
    "Select modern contraception method:": "Sélectionnez une méthode de contraception moderne:",
    "Bilateral tubal ligation": "Ligature bilatérale des trompes",
    "3-year implant": "implant de 3 ans",
    "5-year implant": "implant de 5 ans",
    "IUCD copper": "DIU cuivre",
    "IUCD hormonal": "DIU hormonal",
    "Injectables (Depo)": "Injectables (Depo)",
    "Combined hormone oral contraceptive pills": "Pilules contraceptives orales hormonales combinées",
    "Projestin only pills": "Pilules Projestin uniquement",
    "Vasectomy": "Vasectomie",
    "Lactational amenohhrea method": "Méthode d'aménorrhée lactationnelle",
    "Diaphram/Cervical cap": "Diaphrame/Capuche cervicale",
    "Emergency contraceptive pills": "Pilules contraceptives d'urgence",
    "Periodic abstinence": "Abstinence périodique",
    "Undecided": "Indécis",
    "Approximate start date (If FP is 3-year implant/5-year implant/Injectables/Vasectomy/IUCD Copper/IUCD Hormonal/Bilateral tubal ligation)": "Date de début approximative (si la PF est un implant de 3 ans/un implant de 5 ans/des injectables/une vasectomie/un IUCD en cuivre/un IUCD hormonal/une ligature des trompes bilatérale)",
    "Cancer Screening": "Le dépistage du cancer",
    "Cervical cancer screening done:": "Dépistage du cancer du col de l'utérus effectué:",
    "Cervical cancer screening test result:": "Résultat du test de dépistage du cancer du col de l'utérus:",
    "Positive": "Positif",
    "Negative": "Négatif",
    "Cervical cancer result date:": "Date des résultats du cancer du col de l'utérus:",
    "If cervical cancer is positive, is patient on treatment?": "Si le cancer du col de l’utérus est positif, la patiente est-elle sous traitement?",
    "Completed": "Complété",
    "If patient on treatment, indicate below:": "Si patient sous traitement, indiquez ci-dessous:",
    "Cryotherapy": "Cryothérapie",
    "Chemotherapy": "Chimiothérapie",
    "Hysterectomy": "Hystérectomie",
    "Radiotherapy": "Radiothérapie",
    "Thermo-coagulation/Loop Electrosurgical Excision Procedure": "Procédure d'excision électrochirurgicale par thermocoagulation/anse",
    "GBV Screening": "Dépistage de la VBG",
    "Within the past 3 months, have you been hit, slapped, kicked or physically hurt by someone in any way?": "Au cours des 3 derniers mois, avez-vous été frappé, giflé, donné des coups de pied ou blessé physiquement par quelqu'un de quelque manière que ce soit?",
    "Are you in a relationship with a person who physically hit you?": "Êtes-vous en couple avec une personne qui vous a frappé physiquement ?",
    "Are you in a relationship with a person who threatens, frightens or insults you or treats you badly?": "Êtes-vous en couple avec une personne qui vous menace, vous effraie, vous insulte ou vous maltraite ?",
    "Are you in relationship with a person who forces you to participate in sexual activities that make you feel uncomfortable?": "Êtes-vous en relation avec une personne qui vous oblige à participer à des activités sexuelles qui vous mettent mal à l'aise ?",
    "Have you ever experienced any of the above with someone you do not have a relationship with?": "Avez-vous déjà vécu l’une des situations ci-dessus avec quelqu’un avec qui vous n’avez aucune relation?",
    "Adult Vaccination": "Vaccination des adultes",
    "Immunization history:": "Antécédents de vaccination:",
    "Hepatitis B": "Hépatite B",
    "Flu": "Grippe",
    "Tetanus booster": "Rappel contre le tétanos",
    "Breastfeeding": "Allaitement maternel",
    "Child breastfeeding?": "Allaitement d'un enfant ?",
    "Medication History": "Antécédents de médicaments",
    "ART History": "Histoire de l'art",
    "Is the patient on ART?": "Le patient est-il sous TAR ?",
    "Reason for use:": "Raison d'utilisation :",
    "Treatment": "Traitement",
    "PEP": "DYNAMISME",
    "Prep": "Préparation",
    "PMTCT": "PTME",
    "If patient started ART since last visit, enter start date:": "Si le patient a commencé le TAR depuis sa dernière visite, entrez la date de début:",
    "Line of ART patient is taking:": "Le patient de la ligne de TAR prend:",
    "First line regimen": "Régime de première intention",
    "Second line regimen": "Régime de deuxième ligne",
    "Third line regimen": "Régime de troisième ligne",
    "Patient's ART regimen, adults:": "Schéma thérapeutique TAR du patient, adultes:",
    "DTG50mg/3TC300mg/TDF300mg": "DTG50mg/3TC300mg/TDF300mg",
    "TDF300mg/3TC300mg/EFV600mg": "TDF300mg/3TC300mg/EFV600mg",
    "TDF300mg/3TC300mg/EFV400mg": "TDF300mg/3TC300mg/EFV400mg",
    "NVP200/ZDV300/3TC150": "NVP200/ZDV300/3TC150",
    "ABC600mg/3TC300mg": "ABC600mg/3TC300mg",
    "3TC300mg/TDF300mg": "3TC300mg/TDF300mg",
    "3TC150mg/ZDV300mg": "3TC150mg/ZDV300mg",
    "Emtri200mg/TDF300(Truvada)": "Emtri200mg/TDF300(Truvada)",
    "Aluvia(Kaletra)200mg/LPV50mg": "Aluvia(Kaletra)200mg/LPV50mg",
    "Atazanavir300/Ritonavir100": "Atazanavir300/Ritonavir100",
    "FTC200mg/RPV25mg/TDF245mg(Eviplera)": "FTC200mg/RPV25mg/TDF245mg(Eviplera)",
    "Dolutegravir 50mg": "Dolutégravir 50 mg",
    "Abacavir300mg": "Abacavir300mg",
    "Efavirenz 200mg": "Éfavirenz 200 mg",
    "Lamivudine150mg": "Lamivudine150 mg",
    "Raltegravir 400mg": "Raltégravir 400 mg",
    "Zidovudine300mg": "Zidovudine300 mg",
    "Darunavir 600mg": "Darunavir 600 mg",
    " Ritonavir 100mg": " Ritonavir 100 mg",
    " Ritonavir 80mg": " Ritonavir 80 mg",
    "Etravirine 100mg": "Étravirine 100 mg",
    "ART adherence": "Adhésion au TAR",
    "Morisky Adherence": "Adhésion à Morisky",
    "Do you ever forget to take your medicines? (0=No, 1=Yes)": "Avez-vous déjà oublié de prendre vos médicaments ? ",
    "Are you sometimes not keen about taking your medications? (0=No, 1=Yes)": "Parfois, vous n'aimez pas prendre vos médicaments ? ",
    "Do you stop taking medicine at times when you feel worse? (0=No, 1=Yes)": "Arrêtez-vous de prendre des médicaments lorsque vous vous sentez moins bien ? ",
    "If you feel better, do you sometimes stop taking your medicine? (0=No, 1=Yes)": "Si vous vous sentez mieux, arrêtez-vous parfois de prendre vos médicaments ? ",
    "Morisky 4 total score:": "Score total de Morisky 4:",
    "Morisky score rating:": "Note de Morisky:",
    "Did you forget to take your medicine yesterday? (0=No, 1=Yes)": "Avez-vous oublié de prendre vos médicaments hier ? ",
    "Do you sometimes stop taking medicine if you feel like your symptoms are under control? (0=No, 1=Yes)": "Arrêtez-vous parfois de prendre des médicaments si vous sentez que vos symptômes sont sous contrôle? ",
    "Do you ever feel under pressure about sticking to your treatment plan? (0=No, 1=Yes)": "Vous arrive-t-il de vous sentir sous pression pour respecter votre plan de traitement? ",
    "How often do you have difficulty remembering to take all your medication? (0=Never/Rarely, 1/4=Once in a while, 1/2=Sometimes, 3/4=Usually,1=All the time)": "À quelle fréquence avez-vous des difficultés à vous rappeler de prendre tous vos médicaments? ",
    "Morisky 8 total score:": "Score total de Morisky 8:",
    "Enhanced Adherence": "Adhérence améliorée",
    "Has a home visit been done?": "Une visite à domicile a-t-elle été effectuée ?",
    "If yes, number of visits:": "Si oui, nombre de visites :",
    "If yes, what were the findings:": "Si oui, quelles ont été les conclusions:",
    "If no, wish to refer to the social worker:": "Si non, souhaitez vous référer à l'assistante sociale :",
    "What are the support structures in place?": "Quelles sont les structures de soutien en place ?",
    "Treatment supporter": "Supporteur du traitement",
    "Support group": "Groupe de soutien",
    "Caregiver": "Soignant",
    "Family": "Famille",
    "Has directly observed treatment (DOT) been done?": "Un traitement sous observation directe (DOT) a-t-il été effectué?",
    "Number of directly observed treatment (DOT) done (days):": "Nombre de traitements sous observation directe (DOT) effectués (jours):",
    "Likely causes of poor adherence: (Choose all that apply)": "Causes probables d’une mauvaise observance: (Choisissez toutes les réponses qui s’appliquent)",
    "Stigma": "Stigmate",
    "School related stigma": "Stigmatisation liée à l’école",
    "Home related stigma": "Stigmatisation liée à la maison",
    "Improper disclosure to child": "Divulgation inappropriée à l'enfant",
    "Inadequate supervision": "Surveillance inadéquate",
    "Child refusing to take drugs": "Enfant refusant de prendre de la drogue",
    "Pill related size": "Taille liée à la pilule",
    "Pill taste": "Goût de la pilule",
    "Pill color": "Couleur de la pilule",
    "Pill burden": "Fardeau de la pilule",
    "Disclosure": "Divulgation",
    "Side effects": "Effets secondaires",
    "Alcohol": "Alcool",
    "Other drugs": "Autres médicaments",
    "Mental health issues": "Problèmes de santé mentale",
    "Depression": "Dépression",
    "Caregiver changes": "Changements de soignant",
    "Religious beliefs": "Croyances religieuses",
    "Inadequate treatment preparation": "Préparation du traitement inadéquate",
    "Poor adherence": "Mauvaise adhésion",
    "If other causes of poor adherence, explain:": "Si d’autres causes de mauvaise observance, expliquez:",
    "Is patient enrolled in support group?": "Le patient est-il inscrit dans un groupe de soutien?",
    "If no, wishes to enroll?": "Si non, souhaitez-vous vous inscrire ?",
    "If yes, name of support group:": "Si oui, nom du groupe de soutien:",
    "Has age appropriate disclosure been completed?": "La divulgation adaptée à l’âge a-t-elle été effectuée?",
    "Has a pill count been done?": "Un décompte des pilules a-t-il été effectué ?",
    "If yes, what are the findings:": "Si oui, quels sont les résultats :",
    "Accurate": "Précis",
    "Missed doses": "Doses oubliées",
    "Other possible causes of treatment failure:": "Autres causes possibles d’échec du traitement:",
    "Inadequate dosing/dose adjustments": "Posologie/ajustements de dose inadéquats",
    "Drug-drug interaction": "Interaction médicamenteuse",
    "Drug-food interaction": "Interaction médicament-aliment",
    "Impaired absorption (such as chronic severe diarrhea)": "Absorption altérée (telle qu'une diarrhée chronique sévère)",
    "If drug causes treatment failure, indicate drug:": "Si le médicament entraîne un échec du traitement, indiquez le médicament:",
    "Does this patient have other co morbidities?": "Ce patient présente-t-il d’autres comorbidités?",
    "Convulsive disease": "Maladie convulsive",
    "Mental health disorders": "Troubles de santé mentale",
    "Diabetes": "Diabète",
    "Renal disease": "Maladie rénale",
    "Liver disease": "Maladie du foie",
    "Hypertention": "Hypertension",
    "Has drug resistance test (DRT) been done?": "Un test de résistance aux médicaments (DRT) a-t-il été effectué?",
    "If DRT result available, upload image:": "Si le résultat DRT est disponible, téléchargez l'image:",
    "Has an MDT been done?": "Une MDT a-t-elle été réalisée ?",
    "If No, wish to refer?": "Si non, souhaitez-vous vous référer ?",
    "PCP Prophylaxis History": "Historique de la prophylaxie PCP",
    "Is the patient on any PCP prophylaxis?": "Le patient suit-il une prophylaxie PCP?",
    "Septrin": "Septrin",
    "Dapsone 100mg": "Dapsone 100 mg",
    "PCP prophylaxis adherence:": "Adhérence à la prophylaxie PCP:",
    "Patient's adherence on PCP prophylaxis:": "Adhésion du patient à la prophylaxie PCP:",
    "Good": "Bien",
    "Fair": "Équitable",
    "Poor": "Pauvre",
    "Adherence (PCP) reasons for poor/fair:": "Raisons d’observance (PCP) médiocre/passable:",
    "Felt well": "Je me sentais bien",
    "Forgot": "Oublié",
    "Gave away": "Donné",
    "Lost/ran out of pills": "Perdu/manque de pilules",
    "Stock out": "En rupture de stock",
    "Too ill": "Trop malade",
    "Travel problems": "Problèmes de voyage",
    "Adherence (PCP): Other (specify):": "Adhésion (PCP) : Autre (préciser) :",
    "TB Prophylaxis History": "Historique de la prophylaxie antituberculeuse",
    "Is the patient on any TB prophylaxis?": "Le patient suit-il une prophylaxie antituberculeuse?",
    "If yes select drug": "Si oui, sélectionnez le médicament",
    "Isoniazid 100mg (6H)": "Isoniazide 100mg (6H)",
    "Isoniazid 300mg (6H)": "Isoniazide 300mg (6H)",
    "Isoniazid 300mg and Rifapentine 300mg (3HP)": "Isoniazide 300 mg et Rifapentine 300 mg (3HP)",
    "Rifampicin 150mg and Isonaizid 75mg (3RH)": "Rifampicine 150 mg et Isonaizid 75 mg (3RH)",
    "Rifampicin 70mg and Isonaizid 50mg (3RH)": "Rifampicine 70 mg et Isonaizid 50 mg (3RH)",
    "TB prophylaxis ever": "Prophylaxie antituberculeuse jamais réalisée",
    "If no, have you ever used the drugs in the past?": "Si non, avez-vous déjà consommé ces drogues dans le passé?",
    "Start date of past TB prophylaxis treatment:": "Date de début du traitement prophylactique antituberculeux antérieur:",
    "End date of past TB prophylaxis treatment:": "Date de fin du traitement prophylactique antituberculeux antérieur:",
    "TB prophylaxis adherence": "Adhésion à la prophylaxie antituberculeuse",
    "Patient's adherence on TB prophylaxis:": "Adhésion du patient à la prophylaxie antituberculeuse:",
    "Adherence (TB Prophylaxis) reasons for poor/fair:": "Raisons d’observance (prophylaxie antituberculeuse) médiocre/passable:",
    "Lost/Ran out of pills": "Perdu/à court de pilules",
    "Adherence (TB Prophylaxis): Other (specify):": "Adhésion (prophylaxie antituberculeuse) : Autre (préciser) :",
    "Tuberculosis History": "Histoire de la tuberculose",
    "Is patient on TB treatment?": "Le patient est-il sous traitement antituberculeux?",
    "Start date of TB treatment:": "Date de début du traitement antituberculeux:",
    "Tuberculosis treatment phase:": "Phase de traitement de la tuberculose:",
    "Continuation phase": "Phase de poursuite",
    "Retreatment phase": "Phase de retraitement",
    "Induction phase": "Phase d'induction",
    "Retreated phase": "Phase de retrait",
    "Current TB regimen": "Régime actuel contre la tuberculose",
    "Current TB regimen:": "Régime antituberculeux actuel:",
    "RHZE": "RHZE",
    "RHZ": "RHZ",
    "RHE": "RHÉ",
    "RH": "RH",
    "EH": "hein",
    "Ethambutol": "Éthambutol",
    "MDR drugs": "Médicaments MDR",
    "INH": "INH",
    "Pyrazinamide": "Pyrazinamide",
    "Streptomycin": "Streptomycine",
    "Rifabutin": "Rifabutine",
    "Rifampicin": "Rifampicine",
    "tabs/day:": "comprimés/jour:",
    "mg:": "mg:",
    "mg/day:": "mg/jour:",
    "tabs:": "onglets:",
    "TB treatment completion date:": "Date de fin du traitement antituberculeux:",
    "TB treatment defaulted year:": "Année d’abandon du traitement antituberculeux:",
    "Patient adherence to TB medications": "Adhésion des patients aux médicaments antituberculeux",
    "Patient adherence to TB medications:": "Adhésion des patients aux médicaments antituberculeux:",
    "Adherence (TB Treatment) reasons for poor/fair:": "Raisons d’observance (traitement antituberculeux) médiocre/passable:",
    "Adherence (TB Treatment): Other (specify):": "Adhésion (traitement antituberculeux) : Autre (préciser) :",
    "Cryptococcal Secondary Prevention": "Prévention secondaire des cryptocoques",
    "Cryptococcus Tx:": "Cryptocoque Tx:",
    "Fluconazole 400mg": "Fluconazole 400 mg",
    "Other Medications": "Autres médicaments",
    "Please add any other medications the patient is taking": "Veuillez ajouter tout autre médicament que le patient prend",
    "Other drugs:": "Autres médicaments :",
    "Side Effects/Toxicity": "Effets secondaires/toxicité",
    "Any side effects attributable to any drug that the patient is currently taking:": "Tout effet secondaire attribuable à tout médicament que le patient prend actuellement:",
    "If yes drugs suspected to be causing side effects": "Si oui, médicaments suspectés de provoquer des effets secondaires",
    "Drug:": "Médicament:",
    "If yes, tick all that apply:": "Si oui, cochez toutes les réponses applicables:",
    "Anaemia": "Anémie",
    "Hepatitis": "Hépatite",
    "IRIS": "IRIS",
    "Lactic acidosis": "Acidose lactique",
    "Lipo-dystrophy": "Lipo-dystrophie",
    "Neuropathy": "Neuropathie",
    "Persistent vomiting": "Vomissements persistants",
    "Rash": "Éruption cutanée",
    "Steven-Johnson syndrome": "Syndrome de Steven-Johnson",
    "Nausea": "Nausée",
    "Burning sensation": "Sensation de brulure",
    "Diarrhea": "Diarrhée",
    "Headache": "Mal de tête",
    "Fatigue": "Fatigue",
    "Jaundice": "Jaunisse",
    "Dizzy": "Vertigineux",
    "Abdominal pain": "Douleur abdominale",
    "Anxiety": "Anxiété",
    "Nightmare": "Cauchemar",
    "Confusion/abnormal thinking": "Confusion/pensée anormale",
    "Insomnia": "Insomnie",
    "Poor concentration/ memory problems": "Mauvaise concentration/problèmes de mémoire",
    "Paresthesia/painful neuropathy": "Paresthésie/neuropathie douloureuse",
    "Suicide ideation": "Idées suicidaires",
    "Severity of the reaction:": "Gravité de la réaction:",
    "Mild": "Bénin",
    "Moderate": "Modéré",
    "Severe": "Grave",
    "Action plan:": "Plan d'action:",
    "Stopped drugs": "Drogues arrêtées",
    "Substitute drugs": "Médicaments de substitution",
    "Change drugs": "Changer de médicament",
    "Switched drugs": "Médicaments changés",
    "How certain are you the drug(s) is/are the cause of the reaction?": "Dans quelle mesure êtes-vous certain que le(s) médicament(s) est(sont) la cause de la réaction?",
    "Certain": "Certain",
    "Probable/likely": "Probable/vraisemblable",
    "Possible": "Possible",
    "Unlikely": "Peu probable",
    "Conditional/unclassified": "Conditionnel/non classé",
    "Unassessable/unclassified": "Inévaluable/non classifié",
    "Vitals": "Vitalité",
    "Vital Signs": "Signes vitaux",
    "BP systolic:": "TA systolique:",
    "BP diastolic:": "TA diastolique:",
    "Pulse (Rate/min):": "Pouls (taux/min):",
    "Temp (C):": "Température (C):",
    "Weight (Kg):": "Poids (kg):",
    "Height (Cm):": "Hauteur (cm):",
    "Sp02:": "Sp02:",
    "BMI (Kg/m2):": "IMC (Kg/m2):",
    "MUAC:": "PB:",
    "Foetal heart rate:": "Fréquence cardiaque fœtale:",
    "Fundal height:": "Hauteur utérine:",
    "Nutrition Assessment and Diagnosis": "Évaluation et diagnostic nutritionnels",
    "Nutrition status:": "État nutritionnel:",
    "Normal": "Normale",
    "Overweight": "en surpoids",
    "Obese": "Obèse",
    "Severe acute malnutrition": "Malnutrition aiguë sévère",
    "Moderate  acute malnutrition": "Malnutrition aiguë modérée",
    "Current Symptoms": "Symptômes actuels",
    "TB Screening Questions": "Questions de dépistage de la tuberculose",
    "TB Symptoms:": "Symptômes de la tuberculose:",
    "Breathlessness": "Essoufflement",
    "Chest pain": "Douleur thoracique",
    "Cough of any duration": "Toux de toute durée",
    "Fever for = 2 weeks": "Fièvre pendant = 2 semaines",
    "New exposure to household contact with TB": "Nouvelle exposition à un contact familial avec la tuberculose",
    "Noticeable weight loss": "Perte de poids notable",
    "Night sweats = 2 weeks": "Sueurs nocturnes = 2 semaines",
    "Abdomen swelling": "Gonflement de l'abdomen",
    "Groin swelling": "Gonflement de l'aine",
    "Joints swelling": "Gonflement des articulations",
    "Neck swelling": "Gonflement du cou",
    "TB Status:": "Statut de tuberculose:",
    "No signs": "Aucun signe",
    "On TB treatment": "Sur le traitement de la tuberculose",
    "Suspect": "Suspect",
    "Confirmed": "Confirmé",
    "Not assessed": "Pas évalué",
    "STI": "IST",
    "Do you have any of the following:": "Avez-vous l'un des éléments suivants:",
    "Genital ulcers": "Ulcères génitaux",
    "Urethral discharge": "Écoulement urétral",
    "Vaginal discharge": "Pertes vaginales",
    "STI partner notification:": "Notification du partenaire STI:",
    "Adult WHO Staging": "Stade OMS pour adultes",
    "If you are assigning a new WHO stage to patient today, select new WHO stage:": "Si vous attribuez aujourd’hui un nouveau stade OMS au patient, sélectionnez un nouveau stade OMS:",
    "Select criteria for new WHO stage:": "Sélectionnez les critères pour la nouvelle étape de l'OMS:",
    "Test Results": "Résultats de test",
    "Chemistry Lab Tests": "Tests de laboratoire de chimie",
    "Creatinine mmol/L:": "Créatinine mmol/L:",
    "SGPT(ALT):": "SGPT(ALT):",
    "AST:": "AST:",
    "RBS mmol/L:": "RBS mmol/L:",
    "FBS mmol/L:": "FBS mmol/L:",
    "HbA1C %:": "% d'HbA1C:",
    "LDL mmol/L:": "LDL mmol/L:",
    "HDL mmol/L:": "HDL mmol/L:",
    "TG mmol/L:": "TGmmol/L:",
    "Cholesterol mmol/L:": "Cholestérol mmol/L:",
    "Microalbumin test, urine mg/L:": "Test de microalbumine, urine mg/L:",
    "Urea mmol/L:": "Urée mmol/L:",
    "CBC": "Radio-Canada",
    "Hgb g/dL:": "Hb g/dL:",
    "WBC/mm3:": "GB/mm3:",
    "Platelets:": "Plaquettes:",
    "ALC/ mm3:": "ALC/mm3:",
    "MCV:": "VMC:",
    "CD4": "CD4",
    "CD4 Count:": "Nombre de CD4:",
    "CD4 %:": "% CD4:",
    "ART Drug Sensitivity Test": "Test de sensibilité aux médicaments ART",
    "ART drug sensitivity test (Upload image of the result):": "Test de sensibilité aux médicaments ART (Télécharger l'image du résultat):",
    "Viral Load": "Charge virale",
    "Viral load:": "Charge virale:",
    "Urinalysis": "Analyse d'urine",
    "Urinalysis:": "Analyse d'urine:",
    "Pus cells:": "Cellules de pus:",
    "Positive (+)": "Positif ( )",
    "Strong positive (++)": "Fort positif ( )",
    "Stronger positive (+++)": "Positif plus fort ( )",
    "Protein:": "Protéine:",
    "Leucocytes:": "Leucocytes:",
    "Ketone:": "Cétone:",
    "Glucose:": "Glucose:",
    "Nitrites:": "Nitrites:",
    "Blood Grouping": "Groupement sanguin",
    "Blood type:": "Groupe sanguin:",
    "A positive": "Un positif",
    "A negative": "Un négatif",
    "B positive": "B positif",
    "B negative": "B négatif",
    "O positive": "Ô positif",
    "O negative": "Ô négatif",
    "AB positive": "AB positif",
    "AB negative": "AB négatif",
    "A": "UN",
    "B": "B",
    "AB": "UN B",
    "O": "Ô",
    "TB Test": "Test de tuberculose",
    "Genexpert test (Upload image of the result):": "Test Genexpert (Télécharger l'image du résultat) :",
    "Sputum gene xpert MTB:": "Sputum Gene Xpert MTB:",
    "Indeterminate": "Indéterminé",
    "Poor sample quality": "Mauvaise qualité des échantillons",
    "Sputum AFB smear:": "Frottis d'expectoration BAAR:",
    "1+": "1",
    "2+": "2",
    "3+": "3",
    "Sputum culture:": "Culture des crachats:",
    "Mycobacterium tuberculosis": "Mycobacterium tuberculosis",
    "Non tuberculosis mycobacteria": "Mycobactéries non tuberculeuses",
    "TST (Mantoux test):": "TST (test de Mantoux):",
    "Strongly positive": "Fortement positif",
    "Chest Xray": "Radiographie pulmonaire",
    "CXR code:": "Code CXR:",
    "Cardiomegaly": "Cardiomégalie",
    "Cavitary": "Cavitaire",
    "Diffuse abn/non-miliary": "Diffuse ab/non miliaire",
    "Infiltrate": "Infiltrer",
    "Miliary": "Miliaire",
    "PI effusion": "épanchement IP",
    "Other Lab Tests": "Autres tests de laboratoire",
    "Test result, detailed": "Résultat du test, détaillé",
    "Other test results, specify:": "Autres résultats de tests, précisez:",
    "Assessment": "Évaluation",
    "Clinical Notes": "Notes cliniques",
    "Please enter the clinical notes below:": "Veuillez saisir les notes cliniques ci-dessous:",
    "Medication Plan": "Régime de médicaments",
    "ART Plan": "Régime TAR",
    "ART plan:": "Plan TAR:",
    "Continue regimen": "Continuer le régime",
    "Change dose": "Changer la dose",
    "Change regimen": "Changer de régime",
    "Change formulation": "Changer la formulation",
    "Drug substitution": "Substitution de médicaments",
    "Not on ARVS": "Pas sous ARV",
    "Restart": "Redémarrage",
    "Start ARVs": "Commencer les ARV",
    "Stop all": "Arrête tout",
    "Reason to start ART:": "Raison pour commencer le TAR:",
    "CD4 less than 500": "CD4 inférieur à 500",
    "WHO stage 3": "Stade OMS 3",
    "WHO stage 4": "Stade 4 de l'OMS",
    "Test and treat": "Tester et traiter",
    "Adherence counselling completed": "Conseils d’observance terminés",
    "ART change reason": "Raison du changement de TAR",
    "Reason for stopping/change/substitution/interruption:": "Raison de l’arrêt/changement/substitution/interruption:",
    "Adherence concerns": "Problèmes d’adhésion",
    "Clinical treatment failure": "Échec du traitement clinique",
    "Drug out of stock": "Médicament en rupture de stock",
    "Due to new TB": "En raison d'une nouvelle tuberculose",
    "Illness/hospitalization": "Maladie/hospitalisation",
    "Immunologic failure": "Échec immunologique",
    "Lost to follow-up": "Perdu de suivi",
    "New drug available": "Nouveau médicament disponible",
    "Patient lacks finances": "Le patient manque de moyens financiers",
    "Planned Rx interruption": "Interruption planifiée de la réception",
    "Changing to adult regimen": "Passage au régime adulte",
    "Pregnancy": "Grossesse",
    "Risk of pregnancy": "Risque de grossesse",
    "Other patient desicion": "Autre décision du patient",
    "Optimization": "Optimisation",
    "Toxicity": "Toxicité",
    "Virologic failure": "Échec virologique",
    "If toxicity, please provide cause:": "En cas de toxicité, veuillez en indiquer la cause:",
    "If toxicity: Other (specify):": "Si toxicité : Autre (préciser) :",
    "Eligible for ART": "Éligible au TAR",
    "Eligible for ART but not started:": "Admissible au TAR mais non commencé:",
    "Patient refused": "Patient refusé",
    "Eligible for ART but not started: Other (specify):": "Admissible au TAR mais non commencé : Autre (préciser) :",
    "Plan treatment categories:": "Catégories de traitement du plan:",
    "ART regimen started, adult:": "Début du traitement antirétroviral, adulte:",
    "Indication for DTG based ART:": "Indication du TAR à base de DTG:",
    "ART intiation": "Initiation au TAR",
    "Substitution for EFV intolerance/toxicity": "Substitution en cas d'intolérance/toxicité à l'EFV",
    "Substitution for NVP": "Remplacement de NVP",
    "Substitution for ATV/r in PWID": "Substitution pour ATV/r dans PWID",
    "Substitution for PI/r in 2nd line with TB disease": "Substitution de PI/r en 2ème intention en cas de maladie tuberculeuse",
    "Alternative for virally suppressed 1st line PI/r based regimen": "Alternative au régime de 1ère intention à base d'IP/r avec suppression virale",
    "Alternative regimen for pregnant/postpartum women": "Régime alternatif pour les femmes enceintes/en post-partum",
    "Other (specify):": "Autre précisez):",
    "PCP Prophylaxis Plan": "Plan de prophylaxie PCP",
    "PCP prophylaxis plan:": "Plan de prophylaxie PCP:",
    "Continue": "Continuer",
    "Not on PCP prophylaxis": "Pas sous prophylaxie PCP",
    "Start": "Commencer",
    "Stop": "Arrêt",
    "PCP prophylaxis change reason": "Raison du changement de prophylaxie PCP",
    "If change/stop, reason:": "Si changement/arrêt, raison:",
    "Steven-johnson syndrome": "Syndrome de Steven-Johnson",
    "If toxicity, please provide cause: Other (specify):": "En cas de toxicité, veuillez en fournir la cause: Autre (préciser):",
    "If Start/Change, regimen:": "Si Début/Changement, régime:",
    "TB Prophylaxis Plan": "Plan de prophylaxie contre la tuberculose",
    "TB prophylaxis plan:": "Plan de prophylaxie contre la tuberculose:",
    "Not on TB prophylaxis": "Pas sous prophylaxie antituberculeuse",
    "stopping reason": "raison d'arrêt",
    "If stopping, reason:": "En cas d'arrêt, raison:",
    "Active TB": "tuberculose active",
    "Lack of drugs": "Manque de médicaments",
    "Side effects (Adverse drug reaction)": "Effets secondaires (réaction indésirable au médicament)",
    "Lactic Acidosis": "Acidose lactique",
    "TB prophylaxis regimen started:": "Début du régime de prophylaxie antituberculeuse:",
    "TB Treatment Plan": "Plan de traitement de la tuberculose",
    "TB Treatment Started, detailed": "Traitement antituberculeux commencé, détaillé",
    "TB Treatment plan:": "Plan de traitement de la tuberculose:",
    "Not on TB treatment": "Pas sous traitement antituberculeux",
    "Start induction": "Commencer l'intégration",
    "Change to continuation": "Passer à la suite",
    "Re-dose": "Re-doser",
    "Substitution": "Substitution",
    "TB Plan Change Reason": "Raison du changement au régime PC",
    "If plan is to stop/change/re-dose/substitute, reason:": "Si le plan consiste à arrêter/modifier/re-doser/substituer, raison:",
    "If restarting, reason:": "Si redémarrage, raison :",
    "Defaulted": "Par défaut",
    "Failure": "Échec",
    "MDR TB regimen": "Régime antituberculeux multirésistant",
    "New treatment": "Nouveau traitement",
    "Relapse/re-infection": "Rechute/réinfection",
    "tbMedPickupSite": "tbMedPickupSite",
    "Site of TB meds pick-up:": "Lieu de retrait des médicaments antituberculeux:",
    "This AMPATH site": "Ce site AMPATH",
    "Other Specify:": "Autre précisez:",
    "TB regimen started:": "Le régime antituberculeux a commencé:",
    "Cryptococcal Treatment Plan": "Plan de traitement cryptococcique",
    "Crag test:": "Essai de falaise:",
    "Cryptococcal treatment plan": "Plan de traitement contre les cryptocoques",
    "Additional Medication Orders": "Commandes de médicaments supplémentaires",
    "Additional medication orders": "Commandes de médicaments supplémentaires",
    "Drug": "Médicament",
    "Frequency": "Fréquence",
    "Once a day": "Une fois par jour",
    "Twice a day": "Deux fois par jour",
    "Three times a day": "Trois fois par jour",
    "Four times a day": "Quatre fois par jour",
    "As needed": "Comme requis",
    "If tabs, number": "Si onglets, numéro",
    "If caps, number": "Si majuscules, nombre",
    "If mg, number": "Si mg, nombre",
    "If ml, number": "Si ml, numéro",
    "Plan": "Plan",
    "Family Planning Plan": "Plan de planification familiale",
    "Dispense condom today?": "Distribuer un préservatif aujourd'hui?",
    "Continue modern contraception method?": "Continuer la méthode de contraception moderne ?",
    "Does patient wish to start modern contraception method?": "La patiente souhaite-t-elle commencer une méthode de contraception moderne?",
    "Are you planning to concieve in the next 3 months?": "Envisagez-vous d'avoir un enfant dans les 3 prochains mois ?",
    "Reason not on family planning": "Raison non sur la planification familiale",
    "Wants to get pregnant": "Veut tomber enceinte",
    "Not sexually active now/Infrequent sex": "Pas sexuellement actif actuellement/Rapports sexuels peu fréquents",
    "Fear of side effects/health risks": "Peur des effets secondaires/risques pour la santé",
    "Opposition/rejection from the male partner/other relatives": "Opposition/rejet du partenaire masculin/d'autres proches",
    "Complications of previous method(s) used": "Complications des méthodes précédentes utilisées",
    "Postpartum amenorrhea": "Aménorrhée post-partum",
    "Breasfeeding": "Allaitement",
    "Wants to wait untill the first baby is born": "Veut attendre la naissance du premier bébé",
    "Wants to wait untill the desired number of children are born": "Veut attendre que le nombre d'enfants souhaité naisse",
    "Lack of knowledge": "Manque de connaissances",
    "Complications caused by family planning method used:": "Complications causées par la méthode de planification familiale utilisée:",
    "If yes, modern contraception method chosen:": "Si oui, méthode de contraception moderne choisie:",
    "DC Outcome": "Résultat DC",
    "Differentiated care plan:": "Plan de soins différenciés :",
    "Continue in DC": "Continuer à DC",
    "Exit from DC": "Sortie de DC",
    "Reason for exit": "Raison de la sortie",
    "Reason for exit:": "Raison de la sortie :",
    "Self transfer out of facility": "Auto-transfert hors de l'établissement",
    "High VL": "CV élevée",
    "New OI/new chronic illness": "Nouvelle OI/nouvelle maladie chronique",
    "Voluntary request to exit": "Demande volontaire de sortie",
    "Other specify:": "Autre précisez:",
    "Test Orders": "Commandes tests",
    "Test orders": "Commandes de test",
    "Tests Ordered": "Tests commandés",
    "Test ordered: Other (specify):": "Test ordonné : Autre (préciser) :",
    "Viral load justification:": "Justification de la charge virale:",
    "Routine VL": "CV de routine",
    "Confirmation of treatment failure (repeat VL)": "Confirmation de l'échec du traitement (répétition de la CV)",
    "Clinical failure": "Échec clinique",
    "Single drug substitution": "Substitution d’un seul médicament",
    "Baseline VL (for infants diagnsed through EID)": "CV de base (pour les nourrissons diagnostiqués par EID)",
    "Confirmation of persistent low level viremia (PLLV)": "Confirmation d'une virémie persistante de bas niveau (PLLV)",
    "PMTCT patient category:": "Catégorie de patients PTME:",
    "Pregnant": "Enceinte",
    "None of the above": "Aucune des réponses ci-dessus",
    "Positive Health Diginity & Prevention Services": "Diginité Santé Positive",
    "PHDP:": "PHPP:",
    "Adherence counselling": "Conseils d’observance",
    "STI screening": "Dépistage des IST",
    "Substance use": "Consommation de substances",
    "Disclosure to sex partner": "Divulgation au partenaire sexuel",
    "Partner testing": "Tests des partenaires",
    "Condom distribution": "Distribution de préservatifs",
    "Treatment of GBV injuries": "Traitement des blessures liées à la VBG",
    "First line support (LIVES)": "Assistance de première ligne (LIVES)",
    "Emergency contraceptives": "Contraceptifs d'urgence",
    "Referrals": "Références",
    "Referrals made to the patient:": "Orientations faites au patient :",
    "OVC": "OEV",
    "ENT": "ORL",
    "Cardiology": "Cardiologie",
    "Disclosure counselling": "Conseils en matière de divulgation",
    "Hospitalization": "Hospitalisation",
    "Oncology": "Oncologie",
    "Mental health services": "Services de santé mentale",
    "Nutritional support": "Soutien nutritionnel",
    "Psychosocial support": "Soutien psychosocial",
    "TB/DOT program": "Programme TB/DOT",
    "Surgery": "Chirurgie",
    "Dermatology": "Dermatologie",
    "Social work": "Travail social",
    "Differentiated care program": "Programme de soins différenciés",
    "Ophthalmology ": "Ophtalmologie ",
    "Reproductive health ": "La santé reproductive ",
    "MDT Program": "Programme MDT",
    "Resistant clinic": "Clinique résistante",
    "Legal counsel": "Conseiller juridique",
    "Police department": "Service de police",
    "Child protection services": "Services de protection de l'enfance",
    "Emergency shelter": "Abri d'urgence",
    "Referrals made to the patient: Other (specify):": "Références faites au patient : Autre (préciser) :",
    "If referred for hospitalization, choose location:": "Si vous êtes référé pour une hospitalisation, choisissez le lieu:",
    "Local health centre/hospital": "Centre de santé/hôpital local",
    "MTRH": "MTRH",
    "Reason  for hospitalization": "Raison de l'hospitalisation",
    "Transfer Out": "Transfert sortant",
    "Transfer care to other centre": "Transférer les soins vers un autre centre",
    "Transfer care to other centre:": "Transfert des soins vers un autre centre :",
    "AMPATH": "AMPATH",
    "Non-AMPATH": "Non-AMPATH",
    "MCH": "L'HME",
    "Specify name of AMPATH clinic to which patient is being referred:": "Précisez le nom de la clinique AMPATH vers laquelle le patient est référé:",
    "If Non-AMPATH specify where the patient is being referred:": "Si Non-AMPATH, précisez où le patient est référé:",
    "Next Appointment": "Prochain rendez-vous",
    "Medication pick up date:": "Date de retrait des médicaments :",
    "Return to clinic date:": "Date de retour à la clinique:"
  }
}
