<addressConfiguration>
  <wipe>true</wipe>
  <addressComponents>
    <addressComponent>
      <field>COUNTRY</field>
      <nameMapping>Location.country</nameMapping>
      <sizeMapping>40</sizeMapping>
      <requiredInHierarchy>true</requiredInHierarchy>
    </addressComponent>
    <addressComponent>
      <field>STATE_PROVINCE</field>
      <nameMapping>Location.province</nameMapping>
      <sizeMapping>40</sizeMapping>
      <requiredInHierarchy>true</requiredInHierarchy>
    </addressComponent>
    <addressComponent>
      <field>COUNTY_DISTRICT</field>
      <nameMapping>Location.district</nameMapping>
      <sizeMapping>40</sizeMapping>
      <requiredInHierarchy>true</requiredInHierarchy>
    </addressComponent>
    <addressComponent>
      <field>ADDRESS_1</field>
      <nameMapping>impl.commune</nameMapping>
      <sizeMapping>40</sizeMapping>
      <requiredInHierarchy>true</requiredInHierarchy>
    </addressComponent>
    <addressComponent>
      <field>CITY_VILLAGE</field>
      <nameMapping>Location.village</nameMapping>
      <sizeMapping>40</sizeMapping>
      <requiredInHierarchy>true</requiredInHierarchy>
    </addressComponent>
  </addressComponents>
  <lineByLineFormat>
    <string>cityVillage, address1</string>
    <string>countyDistrict, stateProvince</string>
    <string>country</string>
  </lineByLineFormat>
  <addressHierarchyFile>
    <filename>addresshierarchy.csv</filename>
    <entryDelimiter>,</entryDelimiter>
    <identifierDelimiter>%</identifierDelimiter>
  </addressHierarchyFile>
</addressConfiguration>
