{
  "name": "Covid 19",
  "description": "Covid 19 Form",
  "version": "1",
  "published": true,
  "retired": false,
  "encounter": "Consultation",
  "processor": "EncounterFormProcessor",
  "uuid": "xxxx",
  "referencedForms": [],
  "pages": [
    {
      "label": "Covid 19 Signs and Symptoms",
      "sections": [
        {
          "label": "Covid 19 Signs and Symptoms",
          "isExpanded": "true",
          "questions": [
            {
              "label": "Covid 19 Set",
              "type": "obsGroup",
              "questionOptions": {
                "rendering": "group",
                "concept": "464d8752-45f8-4a25-8972-772cbc52efbe"
              },
              "id": "Covid_19_sx",
              "questions": [
                {
                  "label": "Covid 19 Signs and Symptoms in past 14 days",
                  "id": "__I2HM7pMys",
                  "questionOptions": {
                    "rendering": "checkbox",
                    "concept": "0eaa21e0-5f69-41a9-9dea-942796590bbb",
                    "answers": [
                      {
                        "label": "Congestion",
                        "concept": "30e2da8f-34ca-4c93-94c8-d429f22d381c",
                        "conceptMappings": []
                      },
                      {
                        "label": "Cough",
                        "concept": "1e2918fb-4e15-11e4-8a57-0800271c1b75",
                        "conceptMappings": []
                      },
                      {
                        "label": "Sneezing",
                        "concept": "2395de62-f5a6-49b6-ab0f-57a21a9029c1",
                        "conceptMappings": []
                      },
                      {
                        "label": "Fever",
                        "concept": "140238AAAAAAAAAAAAAAAAAAAAAAAAAAAAAA",
                        "conceptMappings": []
                      },
                      {
                        "label": "Sore throat or pain with swallowing",
                        "concept": "2c75944e-5fc5-4d9d-b389-fe878fde38e3",
                        "conceptMappings": []
                      },
                      {
                        "label": "Shortness of breath",
                        "concept": "21835173-4e15-11e4-8a57-0800271c1b75",
                        "conceptMappings": []
                      },
                      {
                        "label": "Loss of taste",
                        "concept": "40829791-1535-4c02-9b6f-e97dd1a516f6",
                        "conceptMappings": []
                      },
                      {
                        "label": "Loss of smell",
                        "concept": "c1fb49bd-0ca5-43ae-bf8d-df35e73c34ea",
                        "conceptMappings": []
                      },
                      {
                        "label": "Diarrea, Vomiting or Abdominal pain",
                        "concept": "87b3f6a1-6d79-4923-9485-200dfd937782",
                        "conceptMappings": []
                      },
                      {
                        "label": "Practicing social distancing",
                        "concept": "64fb3f91-08d8-4a3b-92ba-16655e834b1c",
                        "conceptMappings": []
                      },
                      {
                        "label": "Rash, nonvesicular, unspec.",
                        "concept": "2134b7e3-4e15-11e4-8a57-0800271c1b75",
                        "conceptMappings": []
                      }
                    ]
                  },
                  "type": "obs"
                },
                {
                  "label": "Onset Date",
                  "id": "__tyxtEosu2",
                  "questionOptions": {
                    "rendering": "date",
                    "concept": "81a50873-81c8-4c2e-8892-b2cd635b704c"
                  },
                  "type": "obs"
                }
              ]
            }
          ]
        }
      ]
    },
    {
      "label": "Covid 19 Test",
      "sections": [
        {
          "label": "Covid 19 Test",
          "isExpanded": "true",
          "questions": [
            {
              "label": "Covid 19 Test",
              "type": "obsGroup",
              "questionOptions": {
                "rendering": "group",
                "concept": "4c2a4b12-becc-4429-a94d-b78e06699d0f"
              },
              "id": "Covid_19_Test",
              "questions": [
                {
                  "label": "Tested for COVID 19",
                  "id": "__5GxrFGLFo",
                  "questionOptions": {
                    "rendering": "select",
                    "concept": "89c5bc03-8ce2-40d8-a77d-20b5a62a1ca1",
                    "answers": [
                      {
                        "label": "Yes",
                        "concept": "1065AAAAAAAAAAAAAAAAAAAAAAAAAAAAAAAA",
                        "conceptMappings": []
                      },
                      {
                        "label": "No",
                        "concept": "1066AAAAAAAAAAAAAAAAAAAAAAAAAAAAAAAA",
                        "conceptMappings": []
                      }
                    ]
                  },
                  "type": "obs"
                },
                {
                  "label": "Test Done",
                  "id": "__HxGzEo8nL",
                  "questionOptions": {
                    "rendering": "select",
                    "concept": "611190b4-2b83-42c5-bbb1-8d99bfaec9ed",
                    "answers": [
                      {
                        "label": "Respiratory PCR",
                        "concept": "efe34fae-de1e-4430-86ac-3198d0fb4a70",
                        "conceptMappings": []
                      },
                      {
                        "label": "Rapid blood test",
                        "concept": "7149a26d-c0a7-42c4-86ae-099616830831",
                        "conceptMappings": []
                      },
                      {
                        "label": "ELISA blood test",
                        "concept": "c1cc178c-390c-4194-b286-f9c57e0f313d",
                        "conceptMappings": []
                      }
                    ]
                  },
                  "type": "obs"
                },
                {
                  "label": "Test Results",
                  "id": "__L42EMuowp",
                  "questionOptions": {
                    "rendering": "select",
                    "concept": "192f67ac-247c-4e1d-966a-4c223e33d38b",
                    "answers": [
                      {
                        "label": "Positive",
                        "concept": "703AAAAAAAAAAAAAAAAAAAAAAAAAAAAAAAAA",
                        "conceptMappings": []
                      },
                      {
                        "label": "Negative",
                        "concept": "664AAAAAAAAAAAAAAAAAAAAAAAAAAAAAAAAA",
                        "conceptMappings": []
                      }
                    ]
                  },
                  "type": "obs"
                }
              ]
            }
          ]
        }
      ]
    }
  ]
}
