{
  "name": "Wound_Followup_Default_form",
  "uuid": "991da845-b3d1-4e58-baf9-e8b3072d2512",
  "description": "Paradygm EMR wound Assessment Default form",
  "version": "1",
  "published": true,
  "retired": false,
  "encounter": "Adult Visit",
  "processor": "EncounterFormProcessor",
  "pages": [
    {
      "label": "Encounter Details",
      "sections": [
        {
          "label": "Encounter Details",
          "isExpanded": "true",
          "questions": [
            {
              "label": "Visit date:",
              "type": "encounterDatetime",
              "required": "true",
              "default": "",
              "id": "encDate",
              "questionOptions": {
                "rendering": "datetime"
              },
              "validators": [
                {
                  "type": "date"
                }
              ]
            },
            {
              "type": "encounterProvider",
              "label": "Provider:",
              "id": "provider",
              "required": "true",
              "default": "",
              "questionOptions": {
                "rendering": "ui-select-extended"
              }
            },
            {
              "type": "encounterLocation",
              "label": "Visit Location:",
              "id": "location",
              "required": "true",
              "questionOptions": {
                "rendering": "ui-select-extended"
              }
            },
            {
              "type": "obs",
              "questionOptions": {
                "rendering": "select",
                "concept": "CIEL:162696",
                "answers": [
                  {
                    "concept": "1065AAAAAAAAAAAAAAAAAAAAAAAAAAAAAAAA",
                    "label": "Yes"
                  },
                  {
                    "concept": "1066AAAAAAAAAAAAAAAAAAAAAAAAAAAAAAAA",
                    "label": "No"
                  },
                  {
                    "concept": "1067AAAAAAAAAAAAAAAAAAAAAAAAAAAAAAAA",
                    "label": "Unknown"
                  }
                ]
              },
              "id": "Consent",
              "label": "Consent",
              "required": true
            }
          ]
        }
      ]
    },
    {
      "label": "Vitals",
      "sections": [
        {
          "label": "Vital Signs",
          "isExpanded": "true",
          "questions": [
            {
              "label": "BP systolic:",
              "id": "syst",
              "questionOptions": {
                "rendering": "number",
                "concept": "a8a65d5a-1350-11df-a1f1-0026b9348838",
                "max": "250",
                "min": "0"
              },
              "type": "obs",
              "validators": []
            },
            {
              "label": "BP diastolic:",
              "id": "dias",
              "questionOptions": {
                "rendering": "number",
                "concept": "a8a65e36-1350-11df-a1f1-0026b9348838",
                "max": "200",
                "min": "0"
              },
              "type": "obs",
              "validators": []
            },
            {
              "label": "Pulse (Rate/min):",
              "questionOptions": {
                "rendering": "number",
                "concept": "a8a65f12-1350-11df-a1f1-0026b9348838",
                "max": "230",
                "min": "0"
              },
              "type": "obs",
              "validators": [],
              "id": "__u805r8rHt"
            },
            {
              "label": "Temp (C):",
              "questionOptions": {
                "rendering": "number",
                "concept": "a8a65fee-1350-11df-a1f1-0026b9348838",
                "max": "43",
                "min": "25"
              },
              "type": "obs",
              "validators": [],
              "id": "__FHzsrptpt"
            },
            {
              "label": "Weight (Kg):",
              "id": "weight",
              "questionOptions": {
                "rendering": "number",
                "concept": "a8a660ca-1350-11df-a1f1-0026b9348838",
                "max": "250",
                "min": "0"
              },
              "type": "obs",
              "validators": []
            },
            {
              "label": "Height (Cm):",
              "type": "obs",
              "questionOptions": {
                "rendering": "number",
                "concept": "5090AAAAAAAAAAAAAAAAAAAAAAAAAAAAAAAA",
                "max": "228",
                "min": "0",
                "conceptMappings": [
                  {
                    "type": "LOINC",
                    "value": "8302-2"
                  },
                  {
                    "type": "SNOMED CT",
                    "value": "CT: 50373000"
                  },
                  {
                    "type": "AMPATH",
                    "value": "5090"
                  },
                  {
                    "type": "PIH Malawi",
                    "value": "Malawi: 5090"
                  },
                  {
                    "type": "CIEL",
                    "value": "5090"
                  },
                  {
                    "type": "PIH",
                    "value": "5090"
                  }
                ]
              },
              "historicalExpression": "_.isEmpty(HD.getObject('prevEnc').getValue('5090AAAAAAAAAAAAAAAAAAAAAAAAAAAAAAAA')) ? undefined : HD.getObject('prevEnc').getValue('5090AAAAAAAAAAAAAAAAAAAAAAAAAAAAAAAA')",
              "id": "height",
              "validators": []
            },
            {
              "label": "Sp02:",
              "questionOptions": {
                "rendering": "number",
                "concept": "a8a66354-1350-11df-a1f1-0026b9348838",
                "max": "100",
                "min": "0"
              },
              "type": "obs",
              "validators": [],
              "id": "__EqFJ4372y"
            },
            {
              "label": "BMI (Kg/m2):",
              "id": "bmi",
              "questionOptions": {
                "rendering": "number",
                "concept": "a89c60c0-1350-11df-a1f1-0026b9348838",
                "max": "100",
                "min": "0",
                "calculate": {
                  "calculateExpression": "calcBMI(height,weight)"
                }
              },
              "type": "obs",
              "validators": []
            },
            {
              "type": "obs",
              "questionOptions": {
                "rendering": "number",
                "concept": "CIEL:114403",
                "min": "1",
                "max": "10"
              },
              "id": "pain",
              "label": "Pain"
            },
            {
              "type": "obs",
              "questionOptions": {
                "rendering": "number",
                "concept": "CIEL:5242"
              },
              "id": "respirotaryRate",
              "label": "RR"
            }
          ]
        }
      ]
    },
    {
      "label": "Current Symptoms",
      "sections": [
        {
          "label": "Infection Screening Questions",
          "isExpanded": "true",
          "questions": [
            {
              "label": "Limited Mobility",
              "required": "true",
              "type": "obs",
              "questionOptions": {
                "rendering": "select",
                "concept": "CIEL:162753",
                "answers": [
                  {
                    "concept": "1067AAAAAAAAAAAAAAAAAAAAAAAAAAAAAAAA",
                    "label": "Unknown"
                  },
                  {
                    "concept": "159468AAAAAAAAAAAAAAAAAAAAAAAAAAAAAA",
                    "label": "Physically able to work"
                  },
                  {
                    "concept": "160026AAAAAAAAAAAAAAAAAAAAAAAAAAAAAA",
                    "label": "Patient ambulatory"
                  },
                  {
                    "concept": "162752AAAAAAAAAAAAAAAAAAAAAAAAAAAAAA",
                    "label": "Bedridden"
                  },
                  {
                    "concept": "162750AAAAAAAAAAAAAAAAAAAAAAAAAAAAAA",
                    "label": "Able to walk without assistance"
                  },
                  {
                    "concept": "162751AAAAAAAAAAAAAAAAAAAAAAAAAAAAAA",
                    "label": "Able to walk with assistance"
                  }
                ]
              },
              "validators": [],
              "id": "limitedMobility"
            },
            {
              "label": "Signs of Infection",
              "required": "true",
              "type": "obs",
              "questionOptions": {
                "rendering": "select",
                "concept": "6c948588-9eff-44fe-849a-a405905f8e07",
                "answers": [
                  {
                    "concept": "1066AAAAAAAAAAAAAAAAAAAAAAAAAAAAAAAA",
                    "label": "No"
                  },
                  {
                    "concept": "1065AAAAAAAAAAAAAAAAAAAAAAAAAAAAAAAA",
                    "label": "Yes"
                  }
                ]
              },
              "validators": [],
              "id": "signsOfInfection"
            },
            {
              "label": "Recent Fever",
              "required": "true",
              "type": "obs",
              "questionOptions": {
                "rendering": "select",
                "concept": "PIH:3722",
                "answers": [
                  {
                    "concept": "8b715fed-97f6-4e38-8f6a-c167a42f8923",
                    "label": "Yes"
                  },
                  {
                    "concept": "a899e0ac-1350-11df-a1f1-0026b9348838",
                    "label": "No"
                  }
                ]
              },
              "validators": [],
              "id": "recentFever"
            },
            {
              "label": "Changes in Medication since last Visit.",
              "required": "true",
              "type": "obs",
              "questionOptions": {
                "rendering": "select",
                "concept": "633ff176-d4bb-4983-97ad-d52eea36ff74",
                "answers": [
                  {
                    "concept": "1065AAAAAAAAAAAAAAAAAAAAAAAAAAAAAAAA",
                    "label": "Yes"
                  },
                  {
                    "concept": "1066AAAAAAAAAAAAAAAAAAAAAAAAAAAAAAAA",
                    "label": "No"
                  }
                ]
              },
              "validators": [],
              "id": "changesInMedicationSinceLastVisit"
            },
            {
              "type": "control",
              "questionOptions": {
                "rendering": "text"
              },
              "id": "notes",
              "label": "Notes"
            }
          ]
        }
      ]
    },
    {
      "label": "Test Results",
      "sections": [
        {
          "label": "Chemistry Lab Tests",
          "questions": [
            {
              "type": "obs",
              "label": "Creatinine mmol/L:",
              "id": "creatinine_test",
              "questionOptions": {
                "concept": "a897e450-1350-11df-a1f1-0026b9348838",
                "rendering": "number",
                "showDate": "true",
                "max": "11050",
                "min": "0",
                "shownDateOptions": {
                  "validators": [
                    {
                      "type": "date"
                    },
                    {
                      "type": "js_expression",
                      "failsWhenExpression": "!isEmpty(creatinine_test) && isEmpty(myValue)",
                      "message": "Date is result is required."
                    }
                  ],
                  "hide": {
                    "hideWhenExpression": "isEmpty(creatinine_test)"
                  }
                }
              },
              "validators": []
            },
            {
              "type": "obs",
              "label": "SGPT(ALT):",
              "id": "sgptalt_test",
              "questionOptions": {
                "concept": "a896ca48-1350-11df-a1f1-0026b9348838",
                "rendering": "number",
                "max": "3500",
                "min": "0",
                "showDate": "true",
                "shownDateOptions": {
                  "validators": [
                    {
                      "type": "date"
                    },
                    {
                      "type": "js_expression",
                      "failsWhenExpression": "!isEmpty(sgptalt_test) && isEmpty(myValue)",
                      "message": "Date is result is required."
                    }
                  ],
                  "hide": {
                    "hideWhenExpression": "isEmpty(sgptalt_test)"
                  }
                }
              },
              "validators": []
            },
            {
              "type": "obs",
              "label": "AST:",
              "id": "ast_test",
              "questionOptions": {
                "concept": "a896c8ae-1350-11df-a1f1-0026b9348838",
                "rendering": "number",
                "max": "3500",
                "min": "0",
                "showDate": "true"
              },
              "shownDateOptions": {
                "validators": [
                  {
                    "type": "date"
                  },
                  {
                    "type": "js_expression",
                    "failsWhenExpression": "!isEmpty(ast_test) && isEmpty(myValue)",
                    "message": "Date is result is required."
                  }
                ],
                "hide": {
                  "hideWhenExpression": "isEmpty(ast_test)"
                }
              }
            },
            {
              "label": "RBS mmol/L:",
              "id": "rbs_test",
              "type": "obs",
              "questionOptions": {
                "concept": "a898418e-1350-11df-a1f1-0026b9348838",
                "answers": [],
                "rendering": "number",
                "max": "50",
                "min": "0",
                "showDate": "true",
                "shownDateOptions": {
                  "validators": [
                    {
                      "type": "date"
                    },
                    {
                      "type": "js_expression",
                      "failsWhenExpression": "!isEmpty(rbs_test) && isEmpty(myValue)",
                      "message": "Date is result is required."
                    }
                  ],
                  "hde": {
                    "hideWhenExpression": "isEmpty(rbs_test)"
                  }
                }
              }
            },
            {
              "label": "FBS mmol/L:",
              "id": "fbs_test",
              "type": "obs",
              "questionOptions": {
                "concept": "a8b018fe-1350-11df-a1f1-0026b9348838",
                "answers": [],
                "rendering": "number",
                "max": "50",
                "min": "0",
                "showDate": "true",
                "shownDateOptions": {
                  "validators": [
                    {
                      "type": "date"
                    },
                    {
                      "type": "js_expression",
                      "failsWhenExpression": "!isEmpty(fbs_test) && isEmpty(myValue)",
                      "message": "Date is result is required."
                    }
                  ],
                  "hde": {
                    "hideWhenExpression": "isEmpty(fbs_test)"
                  }
                }
              }
            },
            {
              "label": "HbA1C %:",
              "id": "a1c_test",
              "type": "obs",
              "questionOptions": {
                "concept": "a8af7520-1350-11df-a1f1-0026b9348838",
                "answers": [],
                "rendering": "number",
                "max": "20",
                "min": "0",
                "showDate": "true",
                "shownDateOptions": {
                  "validators": [
                    {
                      "type": "date"
                    },
                    {
                      "type": "js_expression",
                      "failsWhenExpression": "!isEmpty(a1c_test) && isEmpty(myValue)",
                      "message": "Date is result is required."
                    }
                  ],
                  "hde": {
                    "hideWhenExpression": "isEmpty(a1c_test)"
                  }
                }
              }
            },
            {
              "label": "LDL mmol/L:",
              "id": "ldl_test",
              "type": "obs",
              "questionOptions": {
                "concept": "a898e74c-1350-11df-a1f1-0026b9348838",
                "answers": [],
                "rendering": "number",
                "max": "75",
                "min": "0",
                "showDate": "true",
                "shownDateOptions": {
                  "validators": [
                    {
                      "type": "date"
                    },
                    {
                      "type": "js_expression",
                      "failsWhenExpression": "!isEmpty(ldl_test) && isEmpty(myValue)",
                      "message": "Date is result is required."
                    }
                  ],
                  "hde": {
                    "hideWhenExpression": "isEmpty(ldl_test)"
                  }
                }
              }
            },
            {
              "label": "HDL mmol/L:",
              "id": "hdl_test",
              "type": "obs",
              "questionOptions": {
                "concept": "a898e602-1350-11df-a1f1-0026b9348838",
                "answers": [],
                "rendering": "number",
                "max": "15",
                "min": "0",
                "showDate": "true",
                "shownDateOptions": {
                  "validators": [
                    {
                      "type": "date"
                    },
                    {
                      "type": "js_expression",
                      "failsWhenExpression": "!isEmpty(hdl_test) && isEmpty(myValue)",
                      "message": "Date is result is required."
                    }
                  ],
                  "hde": {
                    "hideWhenExpression": "isEmpty(hdl_test)"
                  }
                }
              }
            },
            {
              "label": "TG mmol/L:",
              "id": "tg_test",
              "type": "obs",
              "questionOptions": {
                "concept": "a898e8a0-1350-11df-a1f1-0026b9348838",
                "answers": [],
                "rendering": "number",
                "max": "55",
                "min": "0",
                "showDate": "true",
                "shownDateOptions": {
                  "validators": [
                    {
                      "type": "date"
                    },
                    {
                      "type": "js_expression",
                      "failsWhenExpression": "!isEmpty(tg_test) && isEmpty(myValue)",
                      "message": "Date is result is required."
                    }
                  ],
                  "hde": {
                    "hideWhenExpression": "isEmpty(tg_test)"
                  }
                }
              }
            },
            {
              "label": "Cholesterol mmol/L:",
              "id": "chol_test",
              "type": "obs",
              "questionOptions": {
                "concept": "a898e4b8-1350-11df-a1f1-0026b9348838",
                "answers": [],
                "rendering": "number",
                "max": "100",
                "min": "0",
                "showDate": "true",
                "shownDateOptions": {
                  "validators": [
                    {
                      "type": "date"
                    },
                    {
                      "type": "js_expression",
                      "failsWhenExpression": "!isEmpty(chol_test) && isEmpty(myValue)",
                      "message": "Date is result is required."
                    }
                  ],
                  "hde": {
                    "hideWhenExpression": "isEmpty(chol_test)"
                  }
                }
              }
            },
            {
              "label": "Microalbumin test, urine mg/L:",
              "id": "microAlb_test",
              "type": "obs",
              "questionOptions": {
                "concept": "7129af13-e39a-43b0-9923-6d1de22c9c5e",
                "answers": [],
                "rendering": "number",
                "max": "300",
                "min": "30",
                "showDate": "true",
                "shownDateOptions": {
                  "validators": [
                    {
                      "type": "date"
                    },
                    {
                      "type": "js_expression",
                      "failsWhenExpression": "!isEmpty(microAlb_test) && isEmpty(myValue)",
                      "message": "Date is result is required."
                    }
                  ],
                  "hde": {
                    "hideWhenExpression": "isEmpty(microAlb_test)"
                  }
                }
              }
            },
            {
              "label": "Urea mmol/L:",
              "id": "urea_test",
              "type": "obs",
              "questionOptions": {
                "concept": "a8982550-1350-11df-a1f1-0026b9348838",
                "answers": [],
                "rendering": "number",
                "max": "330",
                "min": "0",
                "showDate": "true",
                "shownDateOptions": {
                  "validators": [
                    {
                      "type": "date"
                    },
                    {
                      "type": "js_expression",
                      "failsWhenExpression": "!isEmpty(urea_test) && isEmpty(myValue)",
                      "message": "Date is result is required."
                    }
                  ],
                  "hde": {
                    "hideWhenExpression": "isEmpty(urea_test)"
                  }
                }
              }
            }
          ]
        },
        {
          "label": "CBC",
          "questions": [
            {
              "label": "Hgb g/dL:",
              "id": "hgbgdl_test",
              "questionOptions": {
                "concept": "a8908a16-1350-11df-a1f1-0026b9348838",
                "max": "50",
                "min": "0",
                "showDate": "true",
                "rendering": "number",
                "shownDateOptions": {
                  "validators": [
                    {
                      "type": "date"
                    },
                    {
                      "type": "js_expression",
                      "failsWhenExpression": "!isEmpty(hgbgdl_test) && isEmpty(myValue)",
                      "message": "Date is result is required."
                    }
                  ],
                  "hide": {
                    "hideWhenExpression": "isEmpty(hgbgdl_test)"
                  }
                }
              },
              "type": "obs",
              "validators": []
            },
            {
              "label": "WBC/mm3:",
              "id": "testWBCmm",
              "questionOptions": {
                "concept": "a896dea2-1350-11df-a1f1-0026b9348838",
                "max": "500",
                "min": "0",
                "showDate": "true",
                "shownDateOptions": {
                  "validators": [
                    {
                      "type": "date"
                    },
                    {
                      "type": "js_expression",
                      "failsWhenExpression": "!isEmpty(testWBCmm) && isEmpty(myValue)",
                      "message": "Date is result is required."
                    }
                  ],
                  "hide": {
                    "hideWhenExpression": "isEmpty(testWBCmm)"
                  }
                },
                "rendering": "number"
              },
              "type": "obs",
              "validators": []
            },
            {
              "type": "obs",
              "label": "Platelets:",
              "id": "platelets_test",
              "questionOptions": {
                "concept": "a8970954-1350-11df-a1f1-0026b9348838",
                "rendering": "number",
                "max": "450000",
                "min": "0",
                "showDate": "true",
                "shownDateOptions": {
                  "validators": [
                    {
                      "type": "date"
                    },
                    {
                      "type": "js_expression",
                      "failsWhenExpression": "!isEmpty(platelets_test) && isEmpty(myValue)",
                      "message": "Date result is required."
                    }
                  ],
                  "hide": {
                    "hideWhenExpression": "isEmpty(platelets_test)"
                  }
                }
              },
              "validators": []
            },
            {
              "label": "ALC/ mm3:",
              "id": "alcmm_test",
              "questionOptions": {
                "concept": "a898b20e-1350-11df-a1f1-0026b9348838",
                "max": "500",
                "min": "0",
                "showDate": "true",
                "rendering": "number",
                "shownDateOptions": {
                  "historicalExpression": "HD.getObject('prevEnc').getValue('a8afdb8c-1350-11df-a1f1-0026b9348838.a898b20e-1350-11df-a1f1-0026b9348838')",
                  "validators": [
                    {
                      "type": "date"
                    },
                    {
                      "type": "js_expression",
                      "failsWhenExpression": "!isEmpty(alcmm_test) && isEmpty(myValue)",
                      "message": "Date is result is required."
                    }
                  ],
                  "hide": {
                    "hideWhenExpression": "isEmpty(alcmm_test)"
                  }
                }
              },
              "type": "obs",
              "validators": []
            },
            {
              "label": "MCV:",
              "id": "mcv_test",
              "questionOptions": {
                "concept": "a898201e-1350-11df-a1f1-0026b9348838",
                "max": "500",
                "min": "0",
                "showDate": "true",
                "rendering": "number",
                "shownDateOptions": {
                  "validators": [
                    {
                      "type": "date"
                    },
                    {
                      "type": "js_expression",
                      "failsWhenExpression": "!isEmpty(mcv_test) && isEmpty(myValue)",
                      "message": "Date is result is required."
                    }
                  ],
                  "hide": {
                    "hideWhenExpression": "isEmpty(mcv_test)"
                  }
                }
              },
              "type": "obs",
              "validators": []
            }
          ]
        },
        {
          "label": "Urinalysis",
          "questions": [
            {
              "label": "Urinalysis:",
              "type": "obsGroup",
              "questionOptions": {
                "id": "urinalysis",
                "concept": "a8a0aa9a-1350-11df-a1f1-0026b9348838",
                "rendering": "group"
              },
              "questions": [
                {
                  "label": "Pus cells:",
                  "id": "puscells_test",
                  "type": "obs",
                  "questionOptions": {
                    "concept": "a8a0a91e-1350-11df-a1f1-0026b9348838",
                    "rendering": "select",
                    "answers": [
                      {
                        "concept": "a896d2cc-1350-11df-a1f1-0026b9348838",
                        "label": "Negative"
                      },
                      {
                        "concept": "a896f3a6-1350-11df-a1f1-0026b9348838",
                        "label": "Positive (+)"
                      },
                      {
                        "concept": "a8a18fdc-1350-11df-a1f1-0026b9348838",
                        "label": "Strong positive (++)"
                      },
                      {
                        "concept": "a8a1909a-1350-11df-a1f1-0026b9348838",
                        "label": "Stronger positive (+++)"
                      }
                    ]
                  },
                  "hide": {
                    "hideWhenExpression": "visitTypeUuid !== '02e3ce61-fa24-445e-a1f0-6e3299142966'"
                  }
                },
                {
                  "label": "Protein:",
                  "type": "obs",
                  "id": "protein_test",
                  "questionOptions": {
                    "concept": "a8a47ca6-1350-11df-a1f1-0026b9348838",
                    "rendering": "select",
                    "answers": [
                      {
                        "concept": "a896d2cc-1350-11df-a1f1-0026b9348838",
                        "label": "Negative"
                      },
                      {
                        "concept": "a896f3a6-1350-11df-a1f1-0026b9348838",
                        "label": "Positive (+)"
                      },
                      {
                        "concept": "a8a18fdc-1350-11df-a1f1-0026b9348838",
                        "label": "Strong positive (++)"
                      },
                      {
                        "concept": "a8a1909a-1350-11df-a1f1-0026b9348838",
                        "label": "Stronger positive (+++)"
                      }
                    ]
                  },
                  "hide": {
                    "hideWhenExpression": "visitTypeUuid !== '02e3ce61-fa24-445e-a1f0-6e3299142966'"
                  }
                },
                {
                  "label": "Leucocytes:",
                  "type": "obs",
                  "id": "leucocytes_test",
                  "questionOptions": {
                    "concept": "a8b0f3e6-1350-11df-a1f1-0026b9348838",
                    "rendering": "select",
                    "answers": [
                      {
                        "concept": "a896d2cc-1350-11df-a1f1-0026b9348838",
                        "label": "Negative"
                      },
                      {
                        "concept": "a896f3a6-1350-11df-a1f1-0026b9348838",
                        "label": "Positive (+)"
                      },
                      {
                        "concept": "a8a18fdc-1350-11df-a1f1-0026b9348838",
                        "label": "Strong positive (++)"
                      },
                      {
                        "concept": "a8a1909a-1350-11df-a1f1-0026b9348838",
                        "label": "Stronger positive (+++)"
                      }
                    ]
                  },
                  "hide": {
                    "hideWhenExpression": "visitTypeUuid !== '02e3ce61-fa24-445e-a1f0-6e3299142966'"
                  }
                },
                {
                  "label": "Ketone:",
                  "type": "obs",
                  "id": "ketone_test",
                  "questionOptions": {
                    "concept": "b72fa772-19a9-4386-8185-6491ab97e97e",
                    "rendering": "select",
                    "answers": [
                      {
                        "concept": "a896d2cc-1350-11df-a1f1-0026b9348838",
                        "label": "Negative"
                      },
                      {
                        "concept": "a896f3a6-1350-11df-a1f1-0026b9348838",
                        "label": "Positive (+)"
                      },
                      {
                        "concept": "a8a18fdc-1350-11df-a1f1-0026b9348838",
                        "label": "Strong positive (++)"
                      },
                      {
                        "concept": "a8a1909a-1350-11df-a1f1-0026b9348838",
                        "label": "Stronger positive (+++)"
                      }
                    ]
                  },
                  "hide": {
                    "hideWhenExpression": "visitTypeUuid !== '02e3ce61-fa24-445e-a1f0-6e3299142966'"
                  }
                },
                {
                  "label": "Glucose:",
                  "id": "sugar_test",
                  "type": "obs",
                  "questionOptions": {
                    "concept": "a8a47d5a-1350-11df-a1f1-0026b9348838",
                    "rendering": "select",
                    "answers": [
                      {
                        "concept": "a896d2cc-1350-11df-a1f1-0026b9348838",
                        "label": "Negative"
                      },
                      {
                        "concept": "a896f3a6-1350-11df-a1f1-0026b9348838",
                        "label": "Positive (+)"
                      },
                      {
                        "concept": "a8a18fdc-1350-11df-a1f1-0026b9348838",
                        "label": "Strong positive (++)"
                      },
                      {
                        "concept": "a8a1909a-1350-11df-a1f1-0026b9348838",
                        "label": "Stronger positive (+++)"
                      }
                    ]
                  },
                  "hide": {
                    "hideWhenExpression": "visitTypeUuid !== '02e3ce61-fa24-445e-a1f0-6e3299142966'"
                  }
                },
                {
                  "label": "Nitrites:",
                  "id": "nitrites_test",
                  "type": "obs",
                  "questionOptions": {
                    "concept": "6ab44394-80a5-40cd-9649-32f1839e94cd",
                    "rendering": "select",
                    "answers": [
                      {
                        "concept": "a896d2cc-1350-11df-a1f1-0026b9348838",
                        "label": "Negative"
                      },
                      {
                        "concept": "a896f3a6-1350-11df-a1f1-0026b9348838",
                        "label": "Positive (+)"
                      },
                      {
                        "concept": "a8a18fdc-1350-11df-a1f1-0026b9348838",
                        "label": "Strong positive (++)"
                      },
                      {
                        "concept": "a8a1909a-1350-11df-a1f1-0026b9348838",
                        "label": "Stronger positive (+++)"
                      }
                    ]
                  },
                  "hide": {
                    "hideWhenExpression": "visitTypeUuid !== '02e3ce61-fa24-445e-a1f0-6e3299142966'"
                  }
                }
              ],
              "id": "__wKHo8FDro"
            }
          ]
        },
        {
          "label": "Blood Grouping",
          "questions": [
            {
              "label": "Blood type:",
              "id": "bloodGroup_test",
              "questionOptions": {
                "concept": "a8945754-1350-11df-a1f1-0026b9348838",
                "answers": [
                  {
                    "concept": "a896e8c0-1350-11df-a1f1-0026b9348838",
                    "label": "A positive"
                  },
                  {
                    "concept": "a896ea6e-1350-11df-a1f1-0026b9348838",
                    "label": "A negative"
                  },
                  {
                    "concept": "a896ec1c-1350-11df-a1f1-0026b9348838",
                    "label": "B positive"
                  },
                  {
                    "concept": "a896edca-1350-11df-a1f1-0026b9348838",
                    "label": "B negative"
                  },
                  {
                    "concept": "a896f04a-1350-11df-a1f1-0026b9348838",
                    "label": "O positive"
                  },
                  {
                    "concept": "a896f1f8-1350-11df-a1f1-0026b9348838",
                    "label": "O negative"
                  },
                  {
                    "concept": "a89b47a8-1350-11df-a1f1-0026b9348838",
                    "label": "AB positive"
                  },
                  {
                    "concept": "a89b48de-1350-11df-a1f1-0026b9348838",
                    "label": "AB negative"
                  },
                  {
                    "concept": "33bc1cf5-4ae5-49ba-9afd-bcbb9f7b09e5",
                    "label": "A"
                  },
                  {
                    "concept": "01e7f790-a8fc-40e9-968f-c9d79924eb6d",
                    "label": "B"
                  },
                  {
                    "concept": "0feab44f-6777-4c4b-a3ed-a3502f996fcb",
                    "label": "AB"
                  },
                  {
                    "concept": "bf9a31dc-5db4-49c2-aad2-30ec16315b24",
                    "label": "O"
                  }
                ],
                "showDate": "true",
                "rendering": "select",
                "shownDateOptions": {
                  "validators": [
                    {
                      "type": "date"
                    },
                    {
                      "type": "js_expression",
                      "failsWhenExpression": "!isEmpty(bloodGroup_test) && isEmpty(myValue)",
                      "message": "Date result is required."
                    }
                  ],
                  "hide": {
                    "hideWhenExpression": "isEmpty(bloodGroup_test)"
                  }
                }
              },
              "type": "obs",
              "validators": []
            }
          ]
        },
        {
          "label": "Chest Xray",
          "questions": [
            {
              "label": "CXR code:",
              "id": "cxrcode_test",
              "questionOptions": {
                "concept": "a8908192-1350-11df-a1f1-0026b9348838",
                "answers": [
                  {
                    "concept": "a899e7b4-1350-11df-a1f1-0026b9348838",
                    "label": "Normal"
                  },
                  {
                    "concept": "a8a6aa3a-1350-11df-a1f1-0026b9348838",
                    "label": "Cardiomegaly"
                  },
                  {
                    "concept": "a8ae8c1e-1350-11df-a1f1-0026b9348838",
                    "label": "Cavitary"
                  },
                  {
                    "concept": "a8ae8a66-1350-11df-a1f1-0026b9348838",
                    "label": "Diffuse abn/non-miliary"
                  },
                  {
                    "concept": "a8ae8980-1350-11df-a1f1-0026b9348838",
                    "label": "Infiltrate"
                  },
                  {
                    "concept": "a89a77ce-1350-11df-a1f1-0026b9348838",
                    "label": "Miliary"
                  },
                  {
                    "concept": "a89a76fc-1350-11df-a1f1-0026b9348838",
                    "label": "PI effusion"
                  },
                  {
                    "concept": "a8aaf3e2-1350-11df-a1f1-0026b9348838",
                    "label": "Other"
                  }
                ],
                "showDate": "true",
                "rendering": "select",
                "shownDateOptions": {
                  "validators": [
                    {
                      "type": "date"
                    },
                    {
                      "type": "js_expression",
                      "failsWhenExpression": "!isEmpty(cxrcode_test) && isEmpty(myValue)",
                      "message": "Date is result is required."
                    }
                  ],
                  "hide": {
                    "hideWhenExpression": "isEmpty(cxrcode_test)"
                  }
                }
              },
              "type": "obs",
              "validators": []
            }
          ]
        }
      ]
    },
    {
      "label": "Assessment",
      "sections": [
        {
          "label": "Clinical Notes",
          "isExpanded": "true",
          "questions": [
            {
              "label": "Please enter the clinical notes below:",
              "type": "obs",
              "id": "assNote",
              "default": "",
              "questionOptions": {
                "concept": "23f710cc-7f9c-4255-9b6b-c3e240215dba",
                "rendering": "textarea",
                "rows": 5
              }
            }
          ]
        },
        {
          "label": "Focused Physical Exam",
          "isExpanded": "true",
          "questions": [
            {
              "type": "obs",
              "questionOptions": {
                "rendering": "select",
                "concept": "25e5d2e7-6267-47e1-8cc1-e8167e2cdb0b",
                "answers": [
                  {
                    "concept": "125201AAAAAAAAAAAAAAAAAAAAAAAAAAAAAA",
                    "label": "Swelling of Skin"
                  },
                  {
                    "concept": "8fe497db-9776-4471-b765-06d278084715",
                    "label": "Redness"
                  },
                  {
                    "concept": "132681AAAAAAAAAAAAAAAAAAAAAAAAAAAAAA",
                    "label": "Normal Appearance"
                  },
                  {
                    "concept": "ab0ff763-8f2e-427d-81d4-fccc337fb356",
                    "label": "Necrosis"
                  }
                ]
              },
              "id": "skinAppearence",
              "label": "Skin Appearence"
            },
            {
              "type": "obs",
              "questionOptions": {
                "rendering": "select",
                "concept": "CIEL:163894",
                "answers": [
                  {
                    "concept": "1066AAAAAAAAAAAAAAAAAAAAAAAAAAAAAAAA",
                    "label": "No"
                  },
                  {
                    "concept": "1065AAAAAAAAAAAAAAAAAAAAAAAAAAAAAAAA",
                    "label": "Yes"
                  }
                ]
              },
              "id": "swellingEdema",
              "label": "Swelling/Edema"
            },
            {
              "type": "obs",
              "questionOptions": {
                "rendering": "select",
                "concept": "151f9f04-de1b-4025-9464-5d58305ec306",
                "answers": [
                  {
                    "concept": "163747AAAAAAAAAAAAAAAAAAAAAAAAAAAAAA",
                    "label": "Absent"
                  },
                  {
                    "concept": "163748AAAAAAAAAAAAAAAAAAAAAAAAAAAAAA",
                    "label": "Present"
                  }
                ]
              },
              "id": "painTenderness",
              "label": "Pain/Tenderness"
            },
            {
              "type": "obs",
              "questionOptions": {
                "rendering": "number",
                "concept": "MSF:1992"
              },
              "id": "granulationTissue",
              "label": "Granulation Tissue"
            },
            {
              "type": "obs",
              "questionOptions": {
                "rendering": "number",
                "concept": "e4e8a173-6c32-44fd-9c39-ffe91c9402e9"
              },
              "id": "necroticTissue",
              "label": "Necrotic Tissue"
            },
            {
              "type": "obs",
              "questionOptions": {
                "rendering": "select",
                "concept": "c9d9ae52-720b-454a-832c-427f2c2f2e36",
                "answers": [
                  {
                    "concept": "142451AAAAAAAAAAAAAAAAAAAAAAAAAAAAAA",
                    "label": "Diabetic foot ulcer"
                  },
                  {
                    "concept": "5622AAAAAAAAAAAAAAAAAAAAAAAAAAAAAAAA",
                    "label": "Other"
                  },
                  {
                    "concept": "b01a2da9-0e86-45fb-97c4-3cd786beaa88",
                    "label": "Venous stasis ulcer of leg"
                  }
                ]
              },
              "id": "typeOfWound",
              "label": "Type of Wound"
            },
            {
              "type": "obs",
              "questionOptions": {
                "rendering": "text",
                "concept": "9225e0c6-2324-49cd-b701-ebdb9f8659d0"
              },
              "id": "woundLocation",
              "label": "Wound location"
            },
            {
              "type": "obs",
              "questionOptions": {
                "rendering": "text",
                "concept": "fa8fedc0-c066-4da3-8dc1-2ad8621fc480"
              },
              "id": "examNotes",
              "label": "Exam Notes"
            }
          ]
        },
        {
          "label": "Dorsalis Pedis Pulse",
          "isExpanded": "true",
          "questions": [
            {
              "type": "obs",
              "questionOptions": {
                "rendering": "checkbox",
                "concept": "b2f1fcc6-95d1-48f9-91c9-9f10e3fbbacd",
                "answers": [
                  {
                    "concept": "163748AAAAAAAAAAAAAAAAAAAAAAAAAAAAAA",
                    "label": "Present"
                  },
                  {
                    "concept": "163747AAAAAAAAAAAAAAAAAAAAAAAAAAAAAA",
                    "label": "Absent"
                  }
                ]
              },
              "id": "right",
              "label": "Right Present"
            },
            {
              "type": "obs",
              "questionOptions": {
                "rendering": "checkbox",
                "concept": "34e9cbf3-8ff2-47b0-9591-62c58a687966",
                "answers": [
                  {
                    "concept": "163748AAAAAAAAAAAAAAAAAAAAAAAAAAAAAA",
                    "label": "Present"
                  },
                  {
                    "concept": "163747AAAAAAAAAAAAAAAAAAAAAAAAAAAAAA",
                    "label": "Absent"
                  }
                ]
              },
              "id": "leftPresent ",
              "label": "Left Present "
            }
          ]
        },
        {
          "label": "Wound dimensions",
          "isExpanded": "true",
          "questions": [
            {
              "type": "obs",
              "questionOptions": {
                "rendering": "number",
                "min": "1",
                "max": "10",
                "concept": "02ce67eb-be1a-4f25-9317-8f91e0fcfdab"
              },
              "id": "woundDimenstions",
              "label": "Length"
            },
            {
              "type": "obs",
              "questionOptions": {
                "rendering": "number",
                "concept": "8753c8ff-08a7-4fe9-a17f-db88a3196254",
                "min": "1",
                "max": "10"
              },
              "id": "woundWidth",
              "label": "Wound width"
            },
            {
              "type": "obs",
              "questionOptions": {
                "rendering": "number",
                "concept": "bbf10f7e-d1d3-447f-89a0-0edb5aa58c5d",
                "min": "1",
                "max": "10"
              },
              "id": "woundDepth",
              "label": "Depth"
            }
          ]
        },
        {
          "label": "Exudate",
          "isExpanded": "true",
          "questions": [
            {
              "type": "obs",
              "questionOptions": {
                "rendering": "select",
                "concept": "2a133cf4-46bb-4d89-9453-18442a583e23",
                "answers": [
                  {
                    "concept": "56d7a431-b074-4416-97d4-39d57e15c196",
                    "label": "Heavy"
                  },
                  {
                    "concept": "1499AAAAAAAAAAAAAAAAAAAAAAAAAAAAAAAA",
                    "label": "Moderate"
                  },
                  {
                    "concept": "1107AAAAAAAAAAAAAAAAAAAAAAAAAAAAAAAA",
                    "label": "None"
                  },
                  {
                    "concept": "da959908-ba99-45f4-ab45-b2320b02d8e9",
                    "label": "Scant or minimal"
                  }
                ]
              },
              "id": "exudateAmount",
              "label": "Exudate Amount"
            },
            {
              "type": "obs",
              "questionOptions": {
                "rendering": "select",
                "concept": "f4918ec1-a493-42fb-93bf-9e0c8404ab35",
                "answers": [
                  {
                    "concept": "ad06c21b-c81e-43d8-a82e-e38b7a838f4b",
                    "label": "Serous"
                  },
                  {
                    "concept": "e75f9b7a-8db2-4368-9a77-9823a559bb4d",
                    "label": "Serosanguineous"
                  },
                  {
                    "concept": "0db1f8ce-575a-43bf-9fca-58c4155d7e94",
                    "label": "Purulent"
                  }
                ]
              },
              "id": "exudateConsistency",
              "label": "Exudate Consistency"
            }
          ]
        }
      ]
    },
    {
      "label": "Wound Treatment",
      "sections": [
        {
          "label": "Treatment",
          "isExpanded": "true",
          "questions": [
            {
              "type": "obs",
              "questionOptions": {
                "rendering": "select",
                "concept": "521015e5-bd67-4a2d-a424-20f471abc2e7",
                "answers": [
                  {
                    "concept": "ca7a9d22-cfc9-4c60-90af-17bf70699ea7",
                    "label": "Chlorhexidine gluconate 4% soap solution"
                  },
                  {
                    "concept": "3f26398a-b656-4dff-bcca-a5d311af972b",
                    "label": "7.5% povidone iodine soap solution"
                  },
                  {
                    "concept": "186d438e-98a2-4955-92dd-20781ff6ef1a",
                    "label": "Normal saline"
                  }
                ]
              },
              "id": "cleansingMethod",
              "label": "Cleansing Method"
            },
            {
              "type": "obs",
              "questionOptions": {
                "rendering": "select",
                "concept": "37f68b15-22da-4bc1-80c3-0743151d69da",
                "answers": [
                  {
                    "concept": "a61fdf04-d702-4773-ada1-a330557782ce",
                    "label": "Absorbent dressing"
                  },
                  {
                    "concept": "e1def35b-6cf0-4c76-b54b-5c6f99d41d7c",
                    "label": "Aquacel AG"
                  },
                  {
                    "concept": "7e4654a3-e611-4359-9eb9-36042eaf735f",
                    "label": "Calcium Alginate"
                  },
                  {
                    "concept": "5622AAAAAAAAAAAAAAAAAAAAAAAAAAAAAAAA",
                    "label": "Other"
                  },
                  {
                    "concept": "b53e2b34-7c69-490c-952b-2b7f0e7b3b84",
                    "label": "Silver Alginate"
                  },
                  {
                    "concept": "3cd10bf0-26fe-102b-80cb-0017a47871b2",
                    "label": "Wound dressing"
                  }
                ]
              },
              "id": "primaryDressing",
              "label": "Primary Dressing"
            },
            {
              "type": "obs",
              "questionOptions": {
                "rendering": "select",
                "concept": "933c9d29-d162-455e-af02-59c289c2c5b1",
                "answers": [
                  {
                    "concept": "e4d508e1-d265-454b-aec0-cca9a29b7713",
                    "label": "Unna Boot"
                  },
                  {
                    "concept": "5622AAAAAAAAAAAAAAAAAAAAAAAAAAAAAAAA",
                    "label": "Other"
                  },
                  {
                    "concept": "eed2a145-8f98-4f93-b6f9-2d5c79931238",
                    "label": "off loading"
                  },
                  {
                    "concept": "e8f6a60b-a6f8-408f-a5b5-5e698b25589d",
                    "label": "Non-adhesive Gauze"
                  },
                  {
                    "concept": "9a2e20ba-4d72-410f-823a-462b19bcbe0d",
                    "label": "Kerlix"
                  },
                  {
                    "concept": "c34a64e6-c566-4b15-bd7f-189cb46151d8",
                    "label": "Abdominal Dressing"
                  }
                ]
              },
              "id": "secondaryDressing",
              "label": "Secondary Dressing"
            },
            {
              "type": "obs",
              "questionOptions": {
                "rendering": "select",
                "concept": "badd0cdf-a4f0-4adb-b11f-e5cfa8b7b0d2",
                "answers": [
                  {
                    "concept": "8bda3a3f-505e-4da2-a825-750e4c480402",
                    "label": "Elastic Ace bandage"
                  },
                  {
                    "concept": "2cb7bc56-914f-40f8-9c95-ed01150180e6",
                    "label": "Compression Dressing"
                  }
                ]
              },
              "id": "securingMethod",
              "label": "Securing Method"
            },
            {
              "type": "obs",
              "questionOptions": {
                "rendering": "text",
                "concept": "fa8fedc0-c066-4da3-8dc1-2ad8621fc480"
              },
              "id": "additionaTreatmentNotes",
              "label": "Additional Notes"
            }
          ]
        }
      ]
    },
    {
      "label": "Attachments",
      "sections": [
        {
          "label": "Update photographs of Wounds",
          "isExpanded": "true",
          "questions": [
            {
              "type": "obs",
              "questionOptions": {
                "rendering": "file",
                "concept": "7cac8397-53cd-4f00-a6fe-028e8d743f8e"
              },
              "id": "woundAttachments",
              "label": "Upload wound Images"
            }
          ]
        }
      ]
    },
    {
      "label": "Education",
      "sections": [
        {
          "label": "Education Provided",
          "isExpanded": "true",
          "questions": [
            {
              "type": "obs",
              "questionOptions": {
                "rendering": "checkbox",
                "concept": "e2124576-e65b-4f5b-a356-45bba1555a5c",
                "answers": [
                  {
                    "concept": "0f609ab8-cb0f-4b94-b499-eb19a2b98151",
                    "label": "Education on signs and symptoms of infection"
                  },
                  {
                    "concept": "88cff842-983e-4c72-bb4e-115f8c35e521",
                    "label": "Education on importance of smoking cessation"
                  },
                  {
                    "concept": "38ee80b9-4fe9-4bec-a41b-c10cc9aec195",
                    "label": "Education on glucose control and diabetic diet"
                  },
                  {
                    "concept": "03724124-bdeb-4771-b729-95f0ca5ca87a",
                    "label": "Education on adherence to wound protocols as previously discussed."
                  }
                ]
              },
              "id": "educationProvided",
              "label": "Education Provided"
            },
            {
              "type": "obs",
              "questionOptions": {
                "rendering": "text",
                "concept": "fa8fedc0-c066-4da3-8dc1-2ad8621fc480"
              },
              "id": "additionalNotes",
              "label": "Additional Notes"
            }
          ]
        }
      ]
    }
  ],
  "encounterType": "ca3aed11-1aa4-42a1-b85c-8332fc8001fc"
}