<config>
    <comment>
        Disabling default filters in the datafilter Module.
    </comment>
    <globalProperties>

        <globalProperty>
            <property>datafilter_encTypePrivBasedObsFilter.disabled</property>
            <value>true</value>
            <description>
                Encounter based observation filter. To enable, set value to false
            </description>
        </globalProperty>
        <globalProperty>
            <property>datafilter_locationBasedPatientFullTextFilter.disabled</property>
            <value>true</value>
            <description>
                Location based Patient full text filter. To enable, set value to false
            </description>
        </globalProperty>
        <globalProperty>
            <property>datafilter_encTypePrivBasedDiagnosisFilter.disabled</property>
            <value>true</value>
            <description>
                Encounter-type based privilege filter. To enable, set value to false
            </description>
        </globalProperty>
        <globalProperty>
            <property>datafilter_encTypePrivBasedConditionFilter.disabled</property>
            <value>true</value>
            <description>
                Encounter-type based condition filter. To enable, set value to false
            </description>
        </globalProperty>
        <globalProperty>
            <property>datafilter_encTypePrivBasedEncounterFilter.disabled</property>
            <value>true</value>
            <description>
                Encounter-type based encounter filter. To enable, set value to false
            </description>
        </globalProperty>
        <globalProperty>
            <property>datafilter_encTypePrivBasedEncounterTypeFilter.disabled</property>
            <value>true</value>
            <description>
                Encounter-type based encounter-type filter. To enable, set value to false
            </description>
        </globalProperty>
        <globalProperty>
            <property>datafilter_locationBasedVisitFilter.disabled</property>
            <value>true</value>
            <description>
                Location based visit filter. To enable, set value to false
            </description>
        </globalProperty>
        <globalProperty>
            <property>datafilter_locationBasedEncounterFilter.disabled</property>
            <value>true</value>
            <description>
                Location based encounter filter. To enable, set value to false
            </description>
        </globalProperty>
        <globalProperty>
            <property>datafilter_locationBasedObsFilter.disabled</property>
            <value>true</value>
            <description>
                Location based observation filter. To enable, set value to false
            </description>
        </globalProperty>
        <globalProperty>
            <property>datafilter_locationBasedPatientFilter.disabled</property>
            <value>true</value>
            <description>
                Location based patient filter. To enable, set value to false
            </description>
        </globalProperty>
        <globalProperty>
            <property>datafilter_locationBasedUserFilter.disabled</property>
            <value>false</value>
            <description>
                Location based user filter. To enable, set value to false
            </description>
        </globalProperty>
        <globalProperty>
            <property>datafilter_locationBasedProviderFilter.disabled</property>
            <value>true</value>
            <description>
                Location based provider filter. To enable, set value to false
            </description>
        </globalProperty>
        <globalProperty>
            <property>datafilter_locationFilter.disabled</property>
            <value>false</value>
            <description>
                Location based filter. To enable, set value to false
            </description>
        </globalProperty>
        <globalProperty>
            <property>datafilter_locationBasedDiagnosisFilter.disabled</property>
            <value>true</value>
            <description>
                Location based diagnosis filter. To enable, set value to false
            </description>
        </globalProperty>
        <globalProperty>
            <property>datafilter_locationBasedConditionFilter.disabled</property>
            <value>true</value>
            <description>
                Location based condition filter. To enable, set value to false
            </description>
        </globalProperty>
        <globalProperty>
            <property>datafilter_programBasedUserFilter.disabled</property>
            <value>true</value>
            <description>
                Program based user filter. To enable, set value to false
            </description>
        </globalProperty>
        <globalProperty>
            <property>datafilter_programBasedProviderFilter.disabled</property>
            <value>true</value>
            <description>
                Program based provider filter. To enable, set value to false
            </description>
        </globalProperty>
    </globalProperties>
</config>