Uuid,Void/Retire,Name,Description,Weight,Preferred,A is to b,B is to a
c86d9979-b8ac-4d8c-85cf-cc04e7f16315,,Uncle/Nephew,A relationship of an uncle and his nephew,1,true,Uncle,Nephew
3982f469-cedc-4b2d-91ea-fe38f881e1a0,true,Aunt/Niece,A relationship of an aunt and her niece,,,Aunt,Niece
4f6b4fc4-66e5-4364-be1d-d5872ff8817e,,Friend/Friend,A relationship of friendship where there is often no biological link,,,Friend,Friend
53d8a8f3-0084-4a52-8666-c655f5bd2689,,Supervisor/Supervisee,A description for supervisor to supervisee relationship,,,Supervisor,Supervisee
117ac27a-7fec-4834-8fad-d967c702c15a,,Clinician/Patient,A relationship from a care provider to the patient,,,Clinician,Patient
8c8bbfe3-8454-41f9-a180-55f7058af9bd,,Community Health Worker/Patient,CHW to Patient relationship,,,Community Health Worker,Patient
057de23f-3d9c-4314-9391-4452970739c6,,Other/Other,A description for a relationship type not covered here,,,Other,Other
